state,Date_Location,height_high_tide_max,height_high_tide_min,height_high_tide_mean
HIGH TIDE,1939.11.11_-33.95_151.244,0.874786997362404,0.493990810118533,0.6843889037404685
HIGH TIDE,1939.12.28_-33.922_150.901,0.9306001164271676,0.43366940216463135,0.6821347592958995
HIGH TIDE,1940.01.01_-19.359_146.885,0.8736148480717634,0.41025856523291115,0.6419367066523373
HIGH TIDE,1940.01.23_-33.959_151.152,0.894821980487263,0.36244066512902623,0.6286313228081446
HIGH TIDE,1940.02.04_-33.959_151.152,0.6702603323690111,0.24184321594138478,0.45605177415519793
HIGH TIDE,1940.02.20_-33.846_151.249,0.7966617631036704,0.32895941483110386,0.5628105889673871
HIGH TIDE,1941.08.05_-33.834_151.092,0.8538186029840008,0.35080135721156924,0.602309980097785
HIGH TIDE,1942.01.04_-33.786_151.226,0.7645964125330621,0.3341060393985015,0.5493512259657818
HIGH TIDE,1942.01.18_-33.801_151.294,0.962170681366871,0.46108685348409423,0.7116287674254826
HIGH TIDE,1942.03.04_-34.049_150.895,0.7629044582391816,0.5984954833881859,0.6806999708136838
HIGH TIDE,1942.05.09_-16.919_145.778,0.5188352026145362,0.5188352026145362,0.5188352026145362
HIGH TIDE,1942.09.12_-16.783_145.7,0.8907286696196408,0.6620243531003273,0.7763765113599841
HIGH TIDE,1942.12.26_-33.781_151.215,0.6839945934693001,0.27600933793556787,0.48000196570243403
HIGH TIDE,1944.01.16_-31.99_115.763,0.1310385165010314,0.1310385165010314,0.1310385165010314
HIGH TIDE,1945.06.15_-16.783_145.7,-0.09700417022378617,-0.09700417022378617,-0.09700417022378617
HIGH TIDE,1946.01.05_-33.99_151.084,0.7947891440965316,0.2903788181185049,0.5425839811075183
HIGH TIDE,1946.01.17_-19.259_146.817,1.6423881429430411,0.7503212597554392,1.1963547013492402
HIGH TIDE,1946.02.10_-31.934_115.764,0.24422809724096944,0.24422809724096944,0.24422809724096944
HIGH TIDE,1946.03.20_-34.9_138.489,1.1516716593865257,1.04486019089932,1.0982659251429228
HIGH TIDE,1946.04.19_-16.783_145.7,0.5179907027462257,0.3076329355408281,0.41281181914352694
HIGH TIDE,1946.08.18_-16.723_145.676,0.4259422015680173,0.2509836097120789,0.3384629056400481
HIGH TIDE,1946.10.14_-33.059_151.644,0.8325002928041637,0.4142277562398056,0.6233640245219847
HIGH TIDE,1946.12.28_-34.982_138.516,1.1332004366824535,0.41768589982922477,0.7754431682558391
HIGH TIDE,1947.01.14_-33.846_151.249,0.34339829381297093,0.34339829381297093,0.34339829381297093
HIGH TIDE,1947.04.06_-33.601_151.322,0.6740166510161656,0.6299824332900289,0.6519995421530973
HIGH TIDE,1947.06.16_-33.919_151.256,0.7536109173830322,0.3831551158133578,0.568383016598195
HIGH TIDE,1947.07.24_-12.508_130.859,2.5292651050821235,1.6439573235505283,2.086611214316326
HIGH TIDE,1947.11.14_-32.924_151.793,0.794407555238611,0.3089949072730289,0.5517012312558199
HIGH TIDE,1947.11.23_-34.982_138.516,0.1464194084120083,0.14280087170276728,0.1446101400573878
HIGH TIDE,1948.01.25_-33.676_151.307,0.9430400949728778,0.340256005080934,0.641648050026906
HIGH TIDE,1948.02.12_-32.805_151.961,0.7325798373125201,0.38735512713780995,0.559967482225165
HIGH TIDE,1949.01.05_-32.028_115.75,0.14726714536004903,0.14726714536004903,0.14726714536004903
HIGH TIDE,1949.01.13_-33.676_151.307,0.7721167255255231,0.24645050468101423,0.5092836151032687
HIGH TIDE,1949.01.14_-33.888_151.281,0.8654387852623953,0.2875199420991668,0.576479363680781
HIGH TIDE,1949.01.23_-32.94_151.768,0.5711756446468295,0.2153655069411998,0.39327057579401464
HIGH TIDE,1949.04.17_-16.723_145.676,0.673657092651043,-0.023726191739767668,0.3249654504556377
HIGH TIDE,1949.05.16_-17.964_122.23,3.725005831682862,3.255183038574717,3.4900944351287895
HIGH TIDE,1949.08.28_-16.818_145.733,0.5147217963781334,0.5124986347861682,0.5136102155821508
HIGH TIDE,1949.11.12_-38.173_144.873,0.4301224436151835,0.2687833043913098,0.34945287400324665
HIGH TIDE,1949.11.20_-34.012_151.207,0.9362452542175463,0.44408273381568125,0.6901639940166138
HIGH TIDE,1950.01.12_-37.974_144.696,0.5375144838721675,0.31226620868075655,0.42489034627646205
HIGH TIDE,1950.02.18_-31.99_115.763,0.21657412661960806,-0.01279178436806463,0.10189117112577172
HIGH TIDE,1950.03.01_-31.934_115.764,0.32240743930740673,0.32240743930740673,0.32240743930740673
HIGH TIDE,1950.11.12_-23.133_150.733,2.434139728447241,2.434139728447241,2.434139728447241
HIGH TIDE,1950.12.16_26.706_-80.036,0.36433518940042675,0.3550888256568728,0.35971200752864974
HIGH TIDE,1951.02.01_-33.891_151.277,0.592588365979865,0.19207776570244756,0.39233306584115624
HIGH TIDE,1951.03.24_-33.869_151.209,0.7050812975300589,0.6826265772050055,0.6938539373675322
HIGH TIDE,1951.03.26_-33.63_151.33,0.7791843882000412,0.5323456155435845,0.6557650018718129
HIGH TIDE,1951.09.02_-23.266_150.359,2.1707728699529647,1.7258690828999168,1.9483209764264409
HIGH TIDE,1951.12.06_-32.947_151.76,0.5232141180298148,0.5232141180298148,0.5232141180298148
HIGH TIDE,1951.12.16_-33.888_151.281,0.7167442932508908,0.20043614357311973,0.4585902184120053
HIGH TIDE,1952.12.21_-38.015_140.582,0.4633713732024074,-0.010091805729176614,0.2266397837366154
HIGH TIDE,1953.01.20_-34.821_138.494,0.8692009603417223,0.6930256890874289,0.7811133247145756
HIGH TIDE,1953.03.19_-34.721_135.879,0.721959703516105,0.10553071785977955,0.41374521068794223
HIGH TIDE,1953.03.22_-33.742_151.317,0.5528238423404722,0.08467719173798295,0.3187505170392276
HIGH TIDE,1954.01.22_-10.254_142.481,1.722146260261947,0.24053249360413417,0.9813393769330406
HIGH TIDE,1954.06.27_-16.934_145.994,1.1123044577055976,0.5082847855220185,0.810294621613808
HIGH TIDE,1954.12.11_-38.283_144.6,1.1587430032103723,0.653977588957253,0.9063602960838126
HIGH TIDE,1955.01.17_-33.82_151.251,0.4240814505191478,0.13545294769943353,0.27976719910929065
HIGH TIDE,1955.02.01._-33.834_151.092,0.5873779632649425,0.22500680478973478,0.40619238402733865
HIGH TIDE,1955.02.05_-33.786_151.226,0.8642681957353965,0.35058971342125117,0.6074289545783238
HIGH TIDE,1956.01.05_-33.888_151.281,0.45236862501892056,0.31317616112245356,0.38277239307068706
HIGH TIDE,1956.03.11_-34.057_151.152,0.6310096836555132,0.478245959740903,0.5546278216982081
HIGH TIDE,1956.06.28_-9.444_147.18,0.4940219878856393,-0.0188350148642514,0.23759348651069395
HIGH TIDE,1957.04.13_-10.591_142.221,0.6795595720974572,0.6520214183305659,0.6657904952140116
HIGH TIDE,1957.04.23_-32.947_151.76,0.24379045018326811,0.24379045018326811,0.24379045018326811
HIGH TIDE,1957.05.11_-32.66_152.152,0.7624650968765142,0.5382194224886928,0.6503422596826035
HIGH TIDE,1957.07.09_-10.58_142.219,1.2790430438962554,-0.08317185717180611,0.5979355933622247
HIGH TIDE,1957.11.04_-30.749_152.994,0.5341360731517208,0.4542252426049096,0.4941806578783152
HIGH TIDE,1958.01.19_-28.556_153.544,0.9052350581975929,0.3670529425178066,0.6361440003576997
HIGH TIDE,1958.01.27_-35.207_150.552,0.381026524570103,0.2857601317795419,0.3333933281748225
HIGH TIDE,1958.06.15_-16.76_145.974,0.8939097999426873,0.4051215436592015,0.6495156718009444
HIGH TIDE,1958.11.23_-28.0_153.417,0.7120508504161606,0.41201863554168366,0.5620347429789221
HIGH TIDE,1959.01.17_-43.163_147.855,0.2991519508141008,0.04470365133135869,0.17192780107272973
HIGH TIDE,1959.01.25_-39.875_143.937,0.47320469960375167,0.07635031904015382,0.2747775093219528
HIGH TIDE,1959.01.31_-31.981_115.864,0.15861613229349844,0.15861613229349844,0.15861613229349844
HIGH TIDE,1959.02.28_-38.173_144.873,0.3540062901053331,0.2927603758900747,0.3233833329977039
HIGH TIDE,1959.04.05_-34.315_150.91,0.5601116245333354,0.4951902242079584,0.5276509243706469
HIGH TIDE,1959.11.09_-31.951_115.86,0.09452590000689658,0.04265496525542599,0.06859043263116128
HIGH TIDE,1959.11.22_-28.006_153.431,0.5729203358346762,0.15950093461016956,0.36621063522242286
HIGH TIDE,1959.11.28_-28.077_153.447,0.9648948451503773,0.5876989521406792,0.7762968986455283
HIGH TIDE,1959.12.11_-37.863_144.812,0.43976424086393456,0.14368499155695075,0.29172461621044266
HIGH TIDE,1959.12.19_-27.444_153.174,1.0482433204588282,0.486318104607649,0.7672807125332386
HIGH TIDE,1959.12.28_-33.884_151.157,0.8984351569042106,0.45009484475564115,0.6742650008299259
HIGH TIDE,1959.12.29_-27.252_153.11,1.4723824937676417,0.8429689614895992,1.1576757276286205
HIGH TIDE,1960.01.07_-43.02_147.925,0.34161178999022684,0.09397562538367736,0.2177937076869521
HIGH TIDE,1960.01.13_-28.78_114.614,0.3185107649381407,-0.018384600411610507,0.1500630822632651
HIGH TIDE,1960.01.16_-33.773_151.204,0.7499189536964491,0.37236941113738126,0.5611441824169152
HIGH TIDE,1960.02.07_-34.075_151.057,0.4648474966368826,0.16689260277003548,0.315870049703459
HIGH TIDE,1960.02.10._-33.891_151.277,0.6401734484252046,0.29772533427897374,0.4689493913520892
HIGH TIDE,1960.02.29_-42.97_147.43,0.2832046736993065,0.241985085396142,0.26259487954772426
HIGH TIDE,1960.04.03_-32.616_152.314,0.44608350487159726,0.16673325470969724,0.3064083797906473
HIGH TIDE,1960.04.03_-38.192_145.095,0.3560891390339002,0.3235504668921806,0.3398198029630404
HIGH TIDE,1960.04.10_-32.006_115.507,0.11667642251351466,0.10372018461130107,0.11019830356240787
HIGH TIDE,1960.04.12_-30.884_153.039,0.8494165977532078,0.8494165977532078,0.8494165977532078
HIGH TIDE,1960.04.22_-32.006_115.507,0.07914726825839871,0.07008808151222899,0.07461767488531384
HIGH TIDE,1960.09.18_-35.094_117.95,0.27283665293613596,0.07078016660762798,0.17180840977188197
HIGH TIDE,1960.11.11_-27.252_153.11,0.6446379565615789,0.22630271150862766,0.43547033403510327
HIGH TIDE,1960.11.27_-21.063_149.188,1.8988814190386158,1.5152923177000188,1.7070868683693172
HIGH TIDE,1960.12.01_-27.557_152.803,1.1576878393886034,0.8102006584409132,0.9839442489147583
HIGH TIDE,1960.12.20_-26.895_152.319,1.1548726442747304,0.4650735267098998,0.8099730854923151
HIGH TIDE,1960.12.27._-33.891_151.277,0.5053585653268667,0.3222468064946987,0.41380268591078273
HIGH TIDE,1961.01.06_-12.467_130.85,2.7039476918213605,1.9705565313026259,2.3372521115619933
HIGH TIDE,1961.01.15_-28.196_153.578,1.0840100516700069,0.4401446318178416,0.7620773417439242
HIGH TIDE,1961.02.01_-32.121_115.662,0.27729220509453323,-0.04414320443218225,0.11657450033117549
HIGH TIDE,1961.02.17_-38.264_145.016,0.21083841534022155,0.15971831135030395,0.18527836334526276
HIGH TIDE,1961.03.18_-38.397_142.473,0.26387928166662106,0.2568282228293612,0.2603537522479911
HIGH TIDE,1961.04.03_-37.908_145.101,0.14100746211506715,-0.08324821717637969,0.02887962246934373
HIGH TIDE,1961.04.14_-30.642_152.998,0.7793258204989483,0.7689445882331875,0.7741352043660679
HIGH TIDE,1961.04.16_-34.217_151.0,0.7604007699708604,0.5809999517051558,0.6707003608380081
HIGH TIDE,1961.04.25_-30.88_153.058,0.48918638465427383,0.31247776914949027,0.40083207690188205
HIGH TIDE,1961.05.07_-31.661_115.696,0.1953526002348933,0.1953526002348933,0.1953526002348933
HIGH TIDE,1961.07.07_-27.033_153.467,0.5849236522284066,0.3631718950592608,0.47404777364383366
HIGH TIDE,1961.09.06_-17.964_122.23,1.3482603383694305,1.1460372440645357,1.2471487912169832
HIGH TIDE,1961.12.13_-10.58_142.219,0.9734515731101554,0.48490920410847793,0.7291803886093167
HIGH TIDE,1961.12.27_-31.852_115.751,0.19495538490969958,0.19495538490969958,0.19495538490969958
HIGH TIDE,1961.12.28_-21.074_149.228,1.4846944521548056,0.7861441821258351,1.1354193171403204
HIGH TIDE,1962.01.02_-38.294_147.147,0.4609603568396539,0.11913738131049982,0.2900488690750769
HIGH TIDE,1962.01.07_-26.783_153.133,0.46672338386675066,0.46672338386675066,0.46672338386675066
HIGH TIDE,1962.01.07_-33.869_151.209,0.9626697805340699,0.4314106898171964,0.6970402351756332
HIGH TIDE,1962.01.08_-34.542_150.858,0.9658525511355909,0.43935723889713074,0.7026048950163608
HIGH TIDE,1962.01.11_-35.05_138.516,0.7129379510745852,0.4098605721942193,0.5613992616344022
HIGH TIDE,1962.01.14_-28.8_153.583,0.5580251154636253,0.42199511504617626,0.4900101152549008
HIGH TIDE,1962.01.14_-33.742_151.317,0.506076302930872,0.37036376492282075,0.4382200339268464
HIGH TIDE,1962.01.21_-34.057_151.152,0.759849836210927,0.3197631855657688,0.539806510888348
HIGH TIDE,1962.02.04_-28.164_153.548,1.1169984841973357,0.472123588708777,0.7945610364530564
HIGH TIDE,1962.02.15_-27.179_153.373,0.8390917713690201,0.4120972743728121,0.6255945228709161
HIGH TIDE,1962.03.25_-33.282_151.579,0.5765551231431293,0.4419751256425961,0.5092651243928628
HIGH TIDE,1962.04.20_-28.044_153.437,0.7257245081926202,0.7257245081926202,0.7257245081926202
HIGH TIDE,1962.10.14_-38.173_144.873,0.24242529743369065,0.24242529743369065,0.24242529743369065
HIGH TIDE,1962.11.10_-34.674_150.844,0.7216034187476389,0.6514473672004673,0.6865253929740531
HIGH TIDE,1962.11.25_-19.259_146.817,0.9892001319698411,0.772893356114771,0.881046744042306
HIGH TIDE,1962.11.29_-33.869_151.209,0.7595765747488386,0.317044746911568,0.5383106608302033
HIGH TIDE,1963.01.26_-29.109_153.422,0.4184264048314818,0.4184264048314818,0.4184264048314818
HIGH TIDE,1963.01.28_-33.783_151.223,0.8923695819918068,0.47001706604429627,0.6811933240180515
HIGH TIDE,1963.02.24_-34.279_150.956,0.9059375489805122,0.5311527510509519,0.718545150015732
HIGH TIDE,1963.04.13_-33.673_115.031,0.2546127205957476,-0.13931823666535,-0.001472266600996891
HIGH TIDE,1963.04.22_-29.432_153.365,0.8291775689114318,0.7873314873502534,0.8082545281308426
HIGH TIDE,1963.09.13_-34.042_151.163,0.6610675648490756,0.22626334818850607,0.44366545651879086
HIGH TIDE,1963.11.14_-28.044_153.437,0.7274356905858012,0.5047816367184017,0.6161086636521014
HIGH TIDE,1963.12.08_-34.928_138.601,0.35445145583886023,0.11387863375868594,0.2341650447987731
HIGH TIDE,1963.12.21_-30.113_153.184,0.721919085747013,0.22377916145978713,0.4728491236034001
HIGH TIDE,1963.12.26_-25.288_152.768,1.3062212690792068,1.051119701956029,1.178670485517618
HIGH TIDE,1964.01.01_-31.748_115.773,0.36596937467586393,0.36596937467586393,0.36596937467586393
HIGH TIDE,1964.01.18_-34.228_115.056,0.2841968342341871,0.2841968342341871,0.2841968342341871
HIGH TIDE,1964.02.02_-27.47_153.025,1.0327090148709759,1.0327090148709759,1.0327090148709759
HIGH TIDE,1964.03.28_-28.0_153.417,0.6415179248603132,0.6415179248603132,0.6415179248603132
HIGH TIDE,1964.11.18_-28.2_153.567,0.9335782394413399,0.6073404810718401,0.77045936025659
HIGH TIDE,1964.11.29_-38.416_142.004,0.08454426186270667,0.04085565908287156,0.06269996047278911
HIGH TIDE,1964.12.10_-35.048_150.745,0.5367864182175577,0.18095205215951793,0.3588692351885378
HIGH TIDE,1965.01.10_-37.842_144.932,0.5411724513089085,0.3324812665831047,0.4368268589460066
HIGH TIDE,1965.11.03_-16.591_145.519,0.8505027388196013,0.21466273944916248,0.5325827391343818
HIGH TIDE,1965.11.21_-27.47_153.025,1.1892413138458764,0.9483350341150838,1.06878817398048
HIGH TIDE,1965.12.28_-31.989_115.541,0.20893156472834074,0.20893156472834074,0.20893156472834074
HIGH TIDE,1966.01.15_-34.367_150.917,0.5551289075619733,0.27868914457361543,0.41690902606779434
HIGH TIDE,1966.02.27_-34.288_150.949,0.46573626143998625,0.27925344992047535,0.3724948556802308
HIGH TIDE,1966.03.20_-33.95_151.244,0.6221216390939548,0.3944745367735715,0.5082980879337632
HIGH TIDE,1966.05.20_-30.452_152.898,0.838286144908611,0.3904044211752523,0.6143452830419316
HIGH TIDE,1966.05.20_-35.048_150.745,0.748193132834543,0.35072686054505114,0.5494599966897971
HIGH TIDE,1966.08.28_-12.508_130.859,1.741223023766263,1.1994450374489205,1.4703340306075918
HIGH TIDE,1966.09.10_-31.979_115.533,0.25060260303423443,0.25060260303423443,0.25060260303423443
HIGH TIDE,1966.09.13_-35.027_117.884,0.475149689712513,0.03158874915408678,0.2533692194332999
HIGH TIDE,1966.12.26_-33.919_151.256,0.7236979958783981,0.25047806301427816,0.4870880294463381
HIGH TIDE,1966.12.27_-30.884_153.04,0.9230340819880899,0.2680814260998956,0.5955577540439927
HIGH TIDE,1966.12.27_-30.88_153.058,0.9230340819880899,0.2680814260998956,0.5955577540439927
HIGH TIDE,1966.12.31_-41.852_148.26,0.626871640412774,0.22453458589237948,0.42570311315257675
HIGH TIDE,1967.03.10_-33.872_151.278,0.683072599788537,0.40113369181131436,0.5421031457999257
HIGH TIDE,1967.03.12_-38.15_144.362,0.17925295235539815,-0.026457464721455576,0.09208927748250345
HIGH TIDE,1967.08.10_-35.048_150.745,0.5164400050888261,0.5164400050888261,0.5164400050888261
HIGH TIDE,1967.11.30_-28.0_153.417,1.0508091135976931,0.4999864980254866,0.7753978058115899
HIGH TIDE,1967.11.30_-34.428_150.893,0.9325966168189889,0.4600604648188887,0.6963285408189388
HIGH TIDE,1967.12.17_-38.314_144.668,0.695721540812904,0.3254326535038948,0.5105770971583994
HIGH TIDE,1968.02.02_-28.556_153.544,0.7834064765040987,0.38013013537927426,0.5817683059416865
HIGH TIDE,1968.02.20_-31.896_115.958,0.2243390737727743,0.2243390737727743,0.2243390737727743
HIGH TIDE,1968.04.07_-32.805_151.961,0.11342171535280059,0.11342171535280059,0.11342171535280059
HIGH TIDE,1968.12.26_-33.795_151.285,0.47010635174707693,0.32689004620656015,0.39849819897681854
HIGH TIDE,1969.01.27_-35.014_150.849,0.44916802478251266,0.08632059103688217,0.2677443079096974
HIGH TIDE,1969.02.17_-42.948_147.349,0.5662662711200622,0.11697383599880605,0.34162005355943414
HIGH TIDE,1969.03.25_-32.928_151.782,0.4378914366832172,0.06291307556060902,0.2504022561219131
HIGH TIDE,1969.05.14_-23.267_151.935,1.176403159101006,0.7023575426150598,0.939380350858033
HIGH TIDE,1969.11.05_-33.87_151.202,0.4324773080972808,0.31329115600064167,0.37288423204896126
HIGH TIDE,1969.11.30_-31.896_115.958,0.2027712317619707,0.2027712317619707,0.2027712317619707
HIGH TIDE,1970.09.02_-33.87_151.202,0.6121480079652436,0.4500186949561985,0.531083351460721
HIGH TIDE,1971.08.21_-33.806_151.295,0.7137273434764035,0.36486061856694635,0.5392939810216749
HIGH TIDE,1971.11.25_-33.87_151.202,0.5781420665420522,0.22972814192020158,0.4039351042311269
HIGH TIDE,1971.12.05_-23.842_151.25,1.636208416685765,0.6031990714541043,1.1197037440699347
HIGH TIDE,1971.12.23_-30.924_153.089,0.7373276713376059,0.3473535706505175,0.5423406209940617
HIGH TIDE,1972.02.12_-42.98_145.56,0.3654050257065281,0.3654050257065281,0.3654050257065281
HIGH TIDE,1972.02.20_-38.933_146.367,0.7381160995476642,0.7069885967647104,0.7225523481561873
HIGH TIDE,1972.04.01_-27.487_153.239,1.061049042038438,0.7695608113904847,0.9153049267144613
HIGH TIDE,1972.06.26_-20.918_142.703,1.5870491107634805,1.5870491107634805,1.5870491107634805
HIGH TIDE,1972.10.21_-35.417_150.42,0.7721890964453293,0.5895073306509528,0.6808482135481411
HIGH TIDE,1972.12.08_-33.87_151.202,0.7329582349319484,0.23831636424591507,0.48563729958893176
HIGH TIDE,1972.12.22_-28.133_153.5,1.1355894295378914,0.3355095475320432,0.7355494885349674
HIGH TIDE,1973.08.25_-27.435_153.53,0.9500195262379596,0.2654795040506484,0.607749515144304
HIGH TIDE,1973.08.27_-16.744_145.671,1.4177628812073366,0.7693836721880912,1.093573276697714
HIGH TIDE,1973.11.03_-17.563_139.448,1.2711230432446652,1.2711230432446652,1.2711230432446652
HIGH TIDE,1973.11.25_-31.896_115.958,0.34386884433361803,0.34386884433361803,0.34386884433361803
HIGH TIDE,1974.09.01_-27.731_153.443,0.7726837779868153,0.5001394982775739,0.6364116381321946
HIGH TIDE,1974.12.10_-33.625_115.32,0.3337894418666448,0.3337894418666448,0.3337894418666448
HIGH TIDE,1975.02.07_-28.133_153.5,0.755264199038314,0.22292431261205195,0.48909425582518296
HIGH TIDE,1975.02.09_-38.41_144.183,0.5898705754557351,0.35633678452076345,0.47310367998824926
HIGH TIDE,1975.03.13_-27.96_153.425,0.6052511617374632,0.6052511617374632,0.6052511617374632
HIGH TIDE,1975.03.18_-16.517_139.406,0.5146191589709597,0.5146191589709597,0.5146191589709597
HIGH TIDE,1975.07.05_-31.045_115.353,0.28499020313211215,0.28499020313211215,0.28499020313211215
HIGH TIDE,1975.07.26_-26.65_153.1,0.7451084946266748,0.39723479907255305,0.571171646849614
HIGH TIDE,1975.07.30_-43.358_147.363,0.2723275904044915,0.027278549903917697,0.1498030701542046
HIGH TIDE,1975.10.12_-28.8_153.583,0.5649110363527085,0.15060369592436448,0.3577573661385365
HIGH TIDE,1975.11.07_-27.435_153.53,0.8876733473757149,0.23890204992192085,0.5632876986488179
HIGH TIDE,1975.11.19_-33.782_151.285,0.7392750698372049,0.34121200876600893,0.540243539301607
HIGH TIDE,1975.12.02_-28.17_153.543,0.44395030711448913,0.44395030711448913,0.44395030711448913
HIGH TIDE,1975.12.29_-34.982_138.516,0.5690000566811562,-0.025855897812748597,0.2715720794342038
HIGH TIDE,1976.06.01_-27.532_153.463,0.8182221662493135,0.25113435711757687,0.5346782616834452
HIGH TIDE,1976.11.26_-27.967_153.416,0.8412826580091177,0.25261050685249387,0.5469465824308057
HIGH TIDE,1976.12.29_-26.799_153.133,0.4139983020204703,0.3505684662606829,0.3822833841405766
HIGH TIDE,1977.02.04_-38.347_144.728,0.7958398259162399,0.46957486159123485,0.6327073437537374
HIGH TIDE,1977.02.26_-28.273_153.581,0.4274433757562636,0.1515621438335886,0.2895027597949261
HIGH TIDE,1977.03.13_-27.087_153.415,0.7069239936264151,0.2816401444666059,0.49428206904651056
HIGH TIDE,1977.04.26_-28.149_153.418,0.5118065522969759,0.1378463397565327,0.3248264460267543
HIGH TIDE,1977.05.16_-27.974_153.418,0.7556590654303524,0.398213088665648,0.5769360770480002
HIGH TIDE,1977.08.23_-26.386_153.092,0.6725445717692676,0.2771302024775965,0.47483738712343204
HIGH TIDE,1978.09.02_-43.17_147.44,0.3239200320795948,0.09597900256526967,0.20994951732243222
HIGH TIDE,1978.12.29_-26.986_153.133,1.1336417665603382,0.5654890718101226,0.8495654191852304
HIGH TIDE,1979.09.14_-28.647_153.602,0.540779894674501,0.1573752287850791,0.3490775617297901
HIGH TIDE,1981.02.07_-32.015_115.531,0.22720423444608237,-0.01488836314539692,0.10615793565034272
HIGH TIDE,1981.02.16_-32.025_115.75,0.3139469653032241,0.3139469653032241,0.3139469653032241
HIGH TIDE,1981.12.13_-16.76_145.974,1.2801446685690532,0.3310690956445726,0.8056068821068129
HIGH TIDE,1982.02.28_-43.63_146.79,0.15947301627134494,0.05740872723097803,0.10844087175116149
HIGH TIDE,1982.03.07_-28.652_153.628,0.9307231349669021,0.4034552892964476,0.6670892121316748
HIGH TIDE,1984.11.30_-21.063_149.188,1.4702289633686674,0.6326346818664265,1.051431822617547
HIGH TIDE,1985.11.11_-23.842_151.25,1.7160560051241642,1.5218377002133758,1.61894685266877
HIGH TIDE,1986.05.18_-33.833_151.28,0.4918328816527464,0.2985654462566061,0.39519916395467625
HIGH TIDE,1986.07.26_-32.006_115.507,0.10710900699756494,-0.018708342558324015,0.04420033221962046
HIGH TIDE,1986.08.03_-33.833_151.28,0.6676101589636104,0.1578765949874479,0.41274337697552915
HIGH TIDE,1986.10.01_-12.189_96.829,0.35384833276720173,0.22598992152461383,0.2899191271459078
HIGH TIDE,1987.03.30_-33.887_121.842,0.3018289540549991,0.1358006969430276,0.21881482549901335
HIGH TIDE,1987.09.18_-35.05_138.517,0.31602451391388653,0.31602451391388653,0.31602451391388653
HIGH TIDE,1987.12.13_-35.081_150.489,0.3896457692637816,0.2825804796167685,0.3361131244402751
HIGH TIDE,1988.10.06_-36.121_144.753,0.30755531146760173,0.27005144219696475,0.28880337683228324
HIGH TIDE,1989.03.04_-18.086_122.283,1.132593558740296,-0.5820800511788298,0.3192764994618346
HIGH TIDE,1989.08.06_-27.312_153.345,0.7733338699808265,0.6177666187363037,0.695550244358565
HIGH TIDE,1989.10.22_-41.435_148.277,0.4452797201466425,0.21634504005109476,0.33081238009886865
HIGH TIDE,1989.10.29_-14.181_132.191,2.3343315678231003,1.910193609182867,2.1222625885029838
HIGH TIDE,1989.12.03_-12.333_136.817,0.5855512753408569,0.508671210891519,0.547111243116188
HIGH TIDE,1990.04.06_-28.2_153.567,0.681192017935916,0.423980530296643,0.5525862741162795
HIGH TIDE,1990.04.07_-28.2_153.567,0.674664607291834,0.5312509576015266,0.6029577824466803
HIGH TIDE,1990.04.09_-28.164_153.548,0.6915575913722736,0.5989487708278545,0.645253181100064
HIGH TIDE,1990.05.10_-16.484_145.461,0.7858492798667149,0.7858492798667149,0.7858492798667149
HIGH TIDE,1990.10.25_-35.512_138.762,0.3206440789142138,0.02030525182737021,0.170474665370792
HIGH TIDE,1990.10.27_-28.048_153.422,0.5189979359851764,0.04925865857703654,0.28412829728110645
HIGH TIDE,1990.11.28_-28.004_153.371,0.5038240114725686,0.481046252518242,0.49243513199540534
HIGH TIDE,1991.01.09_-31.898_115.772,0.21838335654921076,0.21838335654921076,0.21838335654921076
HIGH TIDE,1991.01.19_-28.048_153.422,0.8239964855183123,0.3679046512441482,0.5959505683812303
HIGH TIDE,1991.03.03_-34.596_150.902,0.6052058469049191,0.6000283600807051,0.6026171034928121
HIGH TIDE,1991.08.30_-27.47_153.025,0.8955866994304871,0.8955866994304871,0.8955866994304871
HIGH TIDE,1991.09.08_-35.271_138.444,0.8697939407477187,0.47107321770518157,0.6704335792264501
HIGH TIDE,1992.01.29_-28.179_153.537,0.5651780612551487,0.11375725921516455,0.3394676602351566
HIGH TIDE,1992.02.09_-42.989_147.522,0.2284810380747161,0.09798231841369724,0.16323167824420667
HIGH TIDE,1992.03.10_-38.283_144.6,1.05206774569435,0.850203379573179,0.9511355626337645
HIGH TIDE,1992.10.01_-27.027_153.451,0.7317507209230387,0.20263901988919583,0.4671948704061173
HIGH TIDE,1992.10.15_-33.63_151.33,0.7091726249437552,0.3130604144348666,0.5111165196893109
HIGH TIDE,1993.02.04_-26.682_153.118,0.986109083961911,0.3282525257160026,0.6571808048389568
HIGH TIDE,1993.06.05_-40.942_146.985,1.2552003328492018,1.1910895425093986,1.2231449376793002
HIGH TIDE,1993.06.09_-28.644_153.615,0.6707203363128894,0.23428533664130094,0.45250283647709516
HIGH TIDE,1993.08.14_-32.006_115.507,0.2698878557076234,0.2698878557076234,0.2698878557076234
HIGH TIDE,1993.11.21_-18.086_122.283,2.0960084075947667,1.7981624521537631,1.947085429874265
HIGH TIDE,1994.01.09_-27.55_152.822,1.2289352616834472,0.6625690103505953,0.9457521360170213
HIGH TIDE,1994.01.12_-35.027_117.884,0.42512695401797695,-0.08413164466313271,0.17049765467742212
HIGH TIDE,1994.12.09_-18.292_146.244,0.7965547613438023,0.14338082819916104,0.46996779477148165
HIGH TIDE,1995.03.21_-33.863_151.241,0.4634455104855573,0.4634455104855573,0.4634455104855573
HIGH TIDE,1995.04.09_-36.964_149.89,0.4154724134094278,0.20910431249993996,0.3122883629546839
HIGH TIDE,1995.09.11_-34.991_117.345,0.09092851439318651,0.09092851439318651,0.09092851439318651
HIGH TIDE,1995.10.11_-25.281_152.829,1.314339129947131,0.9210778457795972,1.117708487863364
HIGH TIDE,1995.11.17_-23.126_150.974,1.2341655608492037,0.9194037624999756,1.0767846616745897
HIGH TIDE,1996.01.12_-34.485_150.9,0.4797417223086624,0.38895604977303566,0.43434888604084904
HIGH TIDE,1996.01.14_-35.051_117.693,0.15398578646396652,0.15398578646396652,0.15398578646396652
HIGH TIDE,1996.01.22_-20.918_142.703,1.6955610756660089,1.6955610756660089,1.6955610756660089
HIGH TIDE,1996.02.04_-31.518_159.065,0.8110194871213133,0.5189987621811656,0.6650091246512395
HIGH TIDE,1996.02.26_-33.834_151.092,0.45834335494148226,0.1674965860410601,0.3129199704912712
HIGH TIDE,1996.03.05_-23.442_151.915,1.2239792223490102,0.9467666371014339,1.0853729297252221
HIGH TIDE,1996.04.25_-33.676_151.307,0.47023955941702045,0.17823805153174108,0.3242388054743808
HIGH TIDE,1996.05.24_-33.891_151.277,0.5095175422217502,0.23068889677316698,0.37010321949745856
HIGH TIDE,1996.06.06_-38.421_145.075,1.2161697310357618,0.820057312923805,1.0181135219797834
HIGH TIDE,1996.12.29_-26.528_153.074,0.73524499504991,0.25954561599882514,0.4973953055243676
HIGH TIDE,1997.01.01_-38.526_145.1,1.0022667082303416,0.6757810762426112,0.8390238922364763
HIGH TIDE,1997.01.20_-28.78_114.614,0.3118289651798266,-0.2469961825426726,0.0581324813183267
HIGH TIDE,1997.01.25_-20.282_149.039,1.5686501375075466,0.7735542958241796,1.1711022166658631
HIGH TIDE,1997.02.03_-33.864_151.158,0.5613758440456299,0.2557056024922889,0.4085407232689594
HIGH TIDE,1997.02.28_-20.352_148.957,0.8973362292218398,0.7311259941592418,0.8142311116905407
HIGH TIDE,1997.02.28_-28.021_153.362,0.49104627722075855,0.42148922562322955,0.45626775142199405
HIGH TIDE,1997.07.27_-26.648_153.103,0.5526769475023957,0.5085399896902892,0.5306084685963425
HIGH TIDE,1997.10.28_-32.014_115.763,0.15031068179274518,0.03702078527742653,0.09366573353508585
HIGH TIDE,1997.11.05_-33.993_151.175,0.658143007817509,0.658143007817509,0.658143007817509
HIGH TIDE,1997.11.09_-35.027_117.884,0.12989359313457918,0.12543820219165336,0.12766589766311626
HIGH TIDE,1998.01.17_-35.512_138.719,0.5744173878918595,0.21984947847995776,0.3971334331859086
HIGH TIDE,1998.01.28_-33.613_151.33,0.9166855266564309,0.46200358951823356,0.6893445580873322
HIGH TIDE,1998.06.28_-35.33_136.118,0.4616582849270225,-0.013999315429498454,0.22382948474876202
HIGH TIDE,1998.12.15_-35.512_138.719,0.049739122547032916,-0.16562687166984644,-0.05794387456140676
HIGH TIDE,1998.12.22_-35.512_138.719,0.6371341346617967,0.05995839182660573,0.34854626324420124
HIGH TIDE,1999.02.23_-30.749_152.994,0.5881493023465861,0.3314847151827297,0.4598170087646579
HIGH TIDE,1999.05.29_-34.889_137.458,0.575372844057335,0.02276297228778205,0.2990679081725585
HIGH TIDE,2000.03.02_-33.846_151.24,0.5433612461575241,0.24344656461954003,0.3934039053885321
HIGH TIDE,2000.03.09_-33.834_151.092,0.6498554685736243,0.6498554685736243,0.6498554685736243
HIGH TIDE,2000.03.10_-33.834_151.092,0.5593229290432284,0.5593229290432284,0.5593229290432284
HIGH TIDE,2000.03.14_-33.497_151.411,0.5976377991932191,0.23388632767426265,0.4157620634337409
HIGH TIDE,2000.03.30_-27.963_153.426,0.5178157171600235,0.1874786090230288,0.35264716309152616
HIGH TIDE,2000.09.18_-34.428_150.893,0.5973494144260337,0.5973494144260337,0.5973494144260337
HIGH TIDE,2000.09.25_-34.611_137.877,0.8446957995014266,0.8446957995014266,0.8446957995014266
HIGH TIDE,2000.10.29_-27.501_153.348,1.243803419704253,0.7775242714682583,1.0106638455862555
HIGH TIDE,2000.11.06_-32.014_115.763,0.10271303081963529,0.0772908852127772,0.08805532607977073
HIGH TIDE,2000.11.20_-32.131_133.682,0.18611685051544652,0.13689287099122127,0.1615048607533339
HIGH TIDE,2000.11.21_-18.616_146.497,1.2597005723033348,0.806880077365147,1.0332903248342409
HIGH TIDE,2000.12.03_-23.44_152.04,0.6801238786529565,0.10418508083838914,0.39215447974567286
HIGH TIDE,2000.12.11_-34.497_137.483,-0.13990640379550282,-0.13990640379550282,-0.13990640379550282
HIGH TIDE,2000.12.24_-21.018_144.434,0.6475729132471387,0.6475729132471387,0.6475729132471387
HIGH TIDE,2001.01.21_-34.928_138.601,0.6352630011831579,0.03458436839005644,0.33492368478660717
HIGH TIDE,2001.01.24_-30.884_153.04,0.8037555110278556,0.30239383341303444,0.553074672220445
HIGH TIDE,2001.02.04_-29.643_153.307,0.28138515485913834,0.28138515485913834,0.28138515485913834
HIGH TIDE,2001.02.26_-35.027_117.884,0.10878970005350538,0.10878970005350538,0.10878970005350538
HIGH TIDE,2001.04.02_-30.642_152.998,0.6153358568215905,0.1915981866907317,0.4034670217561611
HIGH TIDE,2001.04.08_-33.905_151.261,0.7434260651409702,0.7431201733737166,0.7432731192573434
HIGH TIDE,2001.05.04_-33.269_151.556,0.6465338873350917,0.5854095374200442,0.6159717123775679
HIGH TIDE,2001.06.09_-31.555_159.082,0.7545143399881074,0.3621088048240573,0.5583115724060823
HIGH TIDE,2001.09.30_-27.312_153.345,1.0547839173274745,0.6862964054716981,0.8705401613995862
HIGH TIDE,2001.10.02_-20.918_142.703,0.8030620068363803,0.8030620068363803,0.8030620068363803
HIGH TIDE,2001.11.23_-28.842_153.602,0.4897037275237386,0.10587373301288498,0.29778873026831176
HIGH TIDE,2001.12.21_-31.951_115.86,0.16846711006205528,0.16846711006205528,0.16846711006205528
HIGH TIDE,2002.01.30_-32.75_152.163,1.0440950996666953,0.4705970324051894,0.7573460660359423
HIGH TIDE,2002.01.30_-33.306_115.788,0.3844573307547935,-0.07825739431279008,0.1530999682210017
HIGH TIDE,2002.02.07_-33.834_151.092,0.5925160175095073,0.1800181272463363,0.3862670723779218
HIGH TIDE,2002.02.16_-26.407_153.105,0.6850632142346257,0.4097666435015061,0.5474149288680659
HIGH TIDE,2002.04.12_-32.94_151.768,0.5960699851063544,0.5514368966280633,0.5737534408672089
HIGH TIDE,2002.04.21_-31.433_152.9,0.6008596997950506,0.1841679787005032,0.3925138392477769
HIGH TIDE,2002.04.30_-32.373_133.936,0.850320818910033,0.2568358327600901,0.5535783258350615
HIGH TIDE,2002.05.07_-12.463_130.846,1.4404964827271651,0.5581479703244494,0.9993222265258073
HIGH TIDE,2002.06.20_-26.407_153.105,0.6338983685834354,0.5221121978337583,0.5780052832085969
HIGH TIDE,2002.12.16_-28.077_153.437,0.6115941410725705,0.3199528555138278,0.46577349829319914
HIGH TIDE,2002.12.20_-26.823_153.118,0.904962075189286,0.27767731070705187,0.5913196929481689
HIGH TIDE,2002.12.21_44.954_-93.09,2.4430208931967377,2.440956096502287,2.4419884948495123
HIGH TIDE,2002.12.29_-16.672_145.933,0.7017001703269495,0.6525610816667139,0.6771306259968317
HIGH TIDE,2003.01.02_-33.892_135.189,-0.09284138510817011,-0.09284138510817011,-0.09284138510817011
HIGH TIDE,2003.02.08_-28.088_153.441,0.366921891770098,0.3496620294963644,0.3582919606332312
HIGH TIDE,2003.02.11_-33.92_151.25,0.4259748337373484,0.11122649840821333,0.2686006660727809
HIGH TIDE,2003.02.15_-35.5_138.5,0.5724492014438088,-0.16406336959910806,0.11324476716742071
HIGH TIDE,2003.07.26_-12.182_136.782,0.5990271118194456,0.31388468003060416,0.4564558959250249
HIGH TIDE,2003.10.31_-32.444_152.528,0.7011372383756231,0.17326836053462172,0.4372027994551224
HIGH TIDE,2003.11.01_-32.435_152.526,0.6204223865724204,0.13892210510184122,0.37967224583713083
HIGH TIDE,2003.11.30_-33.961_115.077,0.1875170028789044,0.1875170028789044,0.1875170028789044
HIGH TIDE,2003.12.08_-38.271_144.559,0.7341040452996221,0.4029962650376903,0.5685501551686563
HIGH TIDE,2004.01.12_-34.597_150.9,0.6814262563472065,0.2845561141406722,0.48299118524393936
HIGH TIDE,2004.01.25_-33.136_115.721,0.18516085148444095,-0.1946198008359967,-0.019605660872901182
HIGH TIDE,2004.02.11_-33.106_151.645,0.6061798875423833,0.4935171338776041,0.5498485107099937
HIGH TIDE,2004.02.16_-28.179_153.537,0.7283257958180452,0.1834981381697071,0.45591196699387615
HIGH TIDE,2004.02.21_-31.967_152.583,0.9306469107518478,0.47855535701604657,0.7046011338839472
HIGH TIDE,2004.03.06_34.52_-105.87,2.7526617051092606,2.254786200150789,2.5037239526300246
HIGH TIDE,2004.04.26_-32.181_152.512,0.07307334122760009,0.07307334122760009,0.07307334122760009
HIGH TIDE,2004.06.10_-33.321_115.638,0.14465723571592118,0.05694116305898774,0.10447247940812866
HIGH TIDE,2004.06.26_-31.929_115.755,0.06488849799622404,0.038595288159298295,0.05174189307776117
HIGH TIDE,2004.07.10_-33.875_114.986,0.12322426802021658,0.12322426802021658,0.12322426802021658
HIGH TIDE,2004.07.19_-31.874_115.753,0.3202276476353159,0.3202276476353159,0.3202276476353159
HIGH TIDE,2004.08.03_-28.647_153.602,0.9422102696137468,0.4245676506747219,0.6833889601442343
HIGH TIDE,2004.09.25_-16.416_145.771,1.3508377651495864,0.5342440264790174,0.9425408958143019
HIGH TIDE,2004.10.21_-32.805_151.961,0.6387467746271072,0.14467686478942132,0.39171181970826424
HIGH TIDE,2004.12.11_-16.21_145.881,1.159295094028807,0.5231642243102427,0.8412296591695247
HIGH TIDE,2004.12.16_-34.945_138.504,1.0910750775687428,0.12897933723972796,0.6100272074042353
HIGH TIDE,2005.01.14_-38.36_144.769,1.1868640295126671,0.8267528010298513,1.006808415271259
HIGH TIDE,2005.01.19_-38.173_144.873,0.46174596622676306,0.13998034497402392,0.3008631556003935
HIGH TIDE,2005.02.26_-26.895_152.319,0.8053890664386374,0.5343538868440394,0.6698714766413384
HIGH TIDE,2005.04.16_-12.111_136.811,0.8111241080307828,0.40323596928993366,0.6071800386603583
HIGH TIDE,2005.04.16_-33.905_151.261,0.4636278328841956,0.07066163960743824,0.2671447362458169
HIGH TIDE,2005.04.17_-34.921_150.723,0.42396381099892666,0.12233319507946219,0.2731485030391944
HIGH TIDE,2005.04.25_-36.443_150.061,0.737873614809501,0.42912247625431327,0.5834980455319071
HIGH TIDE,2005.05.15_-19.259_146.817,0.7583069669744292,-0.017537072882355696,0.37038494704603675
HIGH TIDE,2005.08.24_-34.982_138.516,0.8109660067637386,0.6386587044936117,0.7248123556286752
HIGH TIDE,2005.09.04_-34.914_135.686,0.49089255406105764,0.174542376613104,0.3327174653370808
HIGH TIDE,2005.09.07_-30.29_153.119,0.5628807435717658,0.5243461418572231,0.5436134427144944
HIGH TIDE,2005.09.24_-35.775_137.214,0.4518772269526658,-0.04078217469852839,0.2055475261270687
HIGH TIDE,2005.09.27_-33.981_151.243,0.4685157576318334,0.08702875357423139,0.27777225560303237
HIGH TIDE,2005.11.25_-37.835_144.96,0.522204640796315,0.2752571954903722,0.3987309181433436
HIGH TIDE,2005.11.25_-38.474_145.022,0.8132881522648915,0.4506482823983961,0.6319682173316438
HIGH TIDE,2005.12.05_-34.58_138.482,1.3923991264259055,0.29148793045637045,0.841943528441138
HIGH TIDE,2005.12.11_-16.101_145.838,0.6770374200256923,0.6589906375457982,0.6680140287857452
HIGH TIDE,2006.01.07_-27.397_153.454,0.7357229768995773,0.6662195944168811,0.7009712856582292
HIGH TIDE,2006.01.15_-31.934_115.764,0.3424492655554193,0.3424492655554193,0.3424492655554193
HIGH TIDE,2006.02.12_-25.257_152.818,1.4499668045770249,0.8525000440107178,1.1512334242938713
HIGH TIDE,2006.02.12_-35.024_138.517,0.927190762513064,0.3426274088652334,0.6349090856891487
HIGH TIDE,2006.02.13_-26.799_153.133,0.8902263898089142,0.38938453522557637,0.6398054625172453
HIGH TIDE,2006.03.15_-33.892_151.261,0.6224149661938586,0.5036722103930087,0.5630435882934337
HIGH TIDE,2006.04.11_-32.931_151.786,0.5356281817621963,0.4971206548767929,0.5163744183194946
HIGH TIDE,2006.05.02_-26.791_153.139,0.11826072494612813,0.11826072494612813,0.11826072494612813
HIGH TIDE,2006.06.05_-35.6_138.496,0.14217392675880627,-0.046210203973347005,0.07076396337785561
HIGH TIDE,2006.08.29_-35.848_137.751,0.39696369507848694,0.2892599985467077,0.3431118468125973
HIGH TIDE,2006.12.18_-38.368_144.285,0.6399972019710811,0.3346468081587494,0.4873220050649153
HIGH TIDE,2007.01.09_-32.387_152.523,0.5457549794147517,0.2747417913319534,0.41024838537335256
HIGH TIDE,2007.01.19_-28.556_153.544,0.9966091170438989,0.30864785467831884,0.6526284858611089
HIGH TIDE,2007.01.23_-37.502_149.978,0.6821124353790335,0.39745354025210133,0.5397829878155674
HIGH TIDE,2007.02.03_-33.37_151.486,0.7996858124670257,0.34139863420708483,0.5705422233370553
HIGH TIDE,2007.03.12_-24.85_152.351,0.558004014371034,0.10210808665385286,0.3300560505124434
HIGH TIDE,2007.03.20_-28.498_153.547,0.8788650566369723,0.8645160572246273,0.8716905569307998
HIGH TIDE,2007.04.26_-16.517_139.406,1.0572348505532252,1.0572348505532252,1.0572348505532252
HIGH TIDE,2007.05.08_-28.252_153.575,0.0763511831353747,0.0763511831353747,0.0763511831353747
HIGH TIDE,2007.05.12_-38.369_142.498,0.0979025794063714,0.0979025794063714,0.0979025794063714
HIGH TIDE,2007.06.05_-33.37_151.486,0.7164461401171032,0.20514973388053093,0.46079793699881705
HIGH TIDE,2007.07.19_-12.089_96.884,0.38969695372085406,0.2562752372001921,0.32298609546052304
HIGH TIDE,2007.10.13_-10.601_142.231,0.46092337068899114,0.46092337068899114,0.46092337068899114
HIGH TIDE,2007.10.15_-28.647_153.602,0.6761400923198404,0.2105176812552684,0.4433288867875544
HIGH TIDE,2007.11.08_-28.636_153.634,0.6939447413912392,0.4155186298554267,0.554731685623333
HIGH TIDE,2007.11.18_-20.673_117.147,0.9896897607690608,0.6724067607613998,0.8310482607652303
HIGH TIDE,2007.12.14_-33.892_151.261,0.6989786242895076,0.6989786242895076,0.6989786242895076
HIGH TIDE,2007.12.15_-27.834_153.421,0.7479436861636793,0.7479436861636793,0.7479436861636793
HIGH TIDE,2007.12.18_-32.679_152.176,0.4535693537906973,0.40527381347432573,0.4294215836325115
HIGH TIDE,2008.01.27_-28.167_153.533,0.6468763287948972,0.6468763287948972,0.6468763287948972
HIGH TIDE,2008.02.07_-36.406_150.075,0.767611546457635,0.35357142260101626,0.5605914845293256
HIGH TIDE,2008.04.08_-28.873_153.59,0.9663138646811648,0.546517244692024,0.7564155546865944
HIGH TIDE,2008.04.17_-28.168_153.552,0.6383495572385962,0.557291132626648,0.597820344932622
HIGH TIDE,2008.04.20_-31.186_152.913,0.7371285982352972,0.4539252941150399,0.5955269461751685
HIGH TIDE,2008.05.10_-35.027_117.884,0.30870359170952927,0.30870359170952927,0.30870359170952927
HIGH TIDE,2008.07.30_-37.471_144.785,0.5007344610375692,0.2218173596822737,0.36127591035992146
HIGH TIDE,2008.08.30_-28.652_153.628,0.9636202812427682,0.45831514305838716,0.7109677121505777
HIGH TIDE,2008.09.07_-28.64_153.627,0.46120070754788306,0.1279154328185389,0.294558070183211
HIGH TIDE,2008.09.15_-11.176_132.531,0.7135220134052315,0.6311211280322733,0.6723215707187524
HIGH TIDE,2008.10.11_-33.031_151.56,0.5772750654497173,0.3232421684154797,0.4502586169325985
HIGH TIDE,2008.10.12_-12.463_130.846,1.9831321146766954,1.7313040400046653,1.8572180773406803
HIGH TIDE,2008.10.22_-33.795_151.285,0.6092061177068925,0.19075596484852242,0.39998104127770745
HIGH TIDE,2008.11.09_-34.786_138.494,0.3384869389684314,0.3120082130635861,0.32524757601600873
HIGH TIDE,2008.12.06_-37.141_150.005,0.3863997666363755,0.2817589994045575,0.33407938302046647
HIGH TIDE,2008.12.27_-32.352_115.742,0.35724808140194914,0.35724808140194914,0.35724808140194914
HIGH TIDE,2008.12.27_-32.435_152.526,0.21955810837798312,0.21955810837798312,0.21955810837798312
HIGH TIDE,2008.12.27_-33.746_151.304,0.7310402740846024,0.2224987814877635,0.4767695277861829
HIGH TIDE,2008.12.27_-42.318_148.282,0.5026278571799652,0.12653033687370277,0.31457909702683395
HIGH TIDE,2009.01.11_-28.2_153.567,1.1557487827022748,0.3633199055463777,0.7595343441243263
HIGH TIDE,2009.01.11_-41.249_148.293,0.8365943554146958,0.27404969229627474,0.5553220238554852
HIGH TIDE,2009.01.12_-34.527_150.874,1.0304288216905462,0.40501968358686646,0.7177242526387063
HIGH TIDE,2009.01.18_-38.333_142.354,0.3112270725109099,0.1793366842869367,0.2452818783989233
HIGH TIDE,2009.01.24_-35.76_150.205,0.6386514046928348,0.2107715159140999,0.42471146030346735
HIGH TIDE,2009.02.07_-29.689_153.313,0.9212528436198578,0.3098758359672723,0.6155643397935651
HIGH TIDE,2009.02.07_-32.379_152.529,0.9789420857623747,0.2958725771625496,0.6374073314624622
HIGH TIDE,2009.02.11_-33.864_151.217,0.8932755686307405,0.5580184760773335,0.725647022354037
HIGH TIDE,2009.02.12_-33.891_151.277,0.7684854130412968,0.7684854130412968,0.7684854130412968
HIGH TIDE,2009.02.18_-31.454_152.931,0.4571293295816274,0.04817493033487471,0.25265212995825104
HIGH TIDE,2009.02.22_-16.416_145.771,1.0197454644954538,0.4382491179441276,0.7289972912197906
HIGH TIDE,2009.03.01_-33.63_151.33,0.48924565399356446,0.48924565399356446,0.48924565399356446
HIGH TIDE,2009.03.16_-32.006_115.507,0.2571510239023144,0.2571510239023144,0.2571510239023144
HIGH TIDE,2009.03.19_-35.714_150.179,0.4218117372810557,0.08644489659339175,0.2541283169372237
HIGH TIDE,2009.03.19_-35.845_150.169,0.421395902999065,0.08812302370170254,0.25475946335038374
HIGH TIDE,2009.03.20_-33.353_151.501,0.43257942024772483,0.10088773570573517,0.26673357797673003
HIGH TIDE,2009.04.12_-32.75_152.163,0.72547345444167,0.3433382121877384,0.5344058333147041
HIGH TIDE,2009.06.27_-34.77_150.813,0.40775778330242496,0.40775778330242496,0.40775778330242496
HIGH TIDE,2009.07.30_-28.726_153.598,0.5371745069378553,0.1763137523746029,0.3567441296562291
HIGH TIDE,2009.10.28_-28.8_153.583,0.4942563248475564,0.21747369760465937,0.35586501122610786
HIGH TIDE,2009.10.30_-38.361_141.604,0.09935064825686833,0.060059285493338464,0.0797049668751034
HIGH TIDE,2009.11.08_-35.537_138.232,0.8409372515145561,0.009962503604307112,0.4254498775594316
HIGH TIDE,2009.12.12_-32.674_152.186,0.6282268361060622,0.2865949444005865,0.4574108902533244
HIGH TIDE,2009.12.13_-33.859_151.278,0.682583654095949,0.2528828414483751,0.4677332477721621
HIGH TIDE,2009.12.20_-26.615_153.114,0.7977247211310879,0.2123051347503879,0.5050149279407379
HIGH TIDE,2009.12.26_-33.465_151.435,0.41578224521339296,0.24412882263523436,0.32995553392431365
HIGH TIDE,2010.01.09_-10.58_142.219,1.1136848098031937,1.1136848098031937,1.1136848098031937
HIGH TIDE,2010.01.22_-38.15_144.362,0.491433978626852,0.2975596799652768,0.39449682929606444
HIGH TIDE,2010.01.27_-20.918_142.703,1.4989120905135696,1.4989120905135696,1.4989120905135696
HIGH TIDE,2010.02.06_-29.43_153.363,0.5529638823869892,0.20360016469087375,0.3782820235389315
HIGH TIDE,2010.02.11_-33.68_151.314,0.6401284257478818,0.2381624712425561,0.4391454484952189
HIGH TIDE,2010.02.13_-20.35_148.932,1.9072377752846585,1.1174859180380905,1.5123618466613746
HIGH TIDE,2010.05.18_-31.315_152.977,0.2518748061478895,0.2518748061478895,0.2518748061478895
HIGH TIDE,2010.06.06_-35.017_116.862,0.12053524916776981,-0.06805034111501686,0.026242454026376476
HIGH TIDE,2010.08.08_-31.186_152.913,0.9567506499522125,0.2824822694060189,0.6196164596791157
HIGH TIDE,2010.08.10_-19.209_146.768,1.8537549947191616,1.0449587901660748,1.4493568924426183
HIGH TIDE,2010.08.17_-33.861_114.986,0.2077485694553813,0.2077485694553813,0.2077485694553813
HIGH TIDE,2010.09.13_-31.253_146.921,0.6972036494551407,0.2581230571145125,0.47766335328482656
HIGH TIDE,2010.10.09_-30.081_153.196,0.9480745053225247,0.5836453204245272,0.765859912873526
HIGH TIDE,2010.10.23_-30.828_115.188,0.2783090110485371,-0.03475405317660175,0.12177747893596769
HIGH TIDE,2010.11.12_-32.204_115.678,0.19496198467415465,0.19496198467415465,0.19496198467415465
HIGH TIDE,2011.01.03_-33.653_115.345,0.40575275516196546,0.40575275516196546,0.40575275516196546
HIGH TIDE,2011.01.20_-28.277_153.573,1.0691929067494188,0.4345107373918751,0.7518518220706469
HIGH TIDE,2011.02.12_-21.931_114.124,0.5405345394930432,0.11233986760439751,0.32643720354872036
HIGH TIDE,2011.02.13_-26.407_153.105,0.5097506702127327,0.12561639194829877,0.3176835310805157
HIGH TIDE,2011.02.17_-34.727_135.158,0.5750286123163684,0.0400333749637517,0.30753099364006004
HIGH TIDE,2011.02.28_-20.918_142.703,1.3334196677752606,1.3334196677752606,1.3334196677752606
HIGH TIDE,2011.03.10_-28.652_153.628,0.32834476584199657,0.32834476584199657,0.32834476584199657
HIGH TIDE,2011.03.16_-32.679_152.176,0.6879414046366844,0.3519771383255716,0.519959271481128
HIGH TIDE,2011.03.23_-31.844_152.727,0.4844796361870814,0.4844796361870814,0.4844796361870814
HIGH TIDE,2011.08.28_-18.693_146.52,1.728909103870762,1.0306936542120748,1.3798013790414183
HIGH TIDE,2011.09.04_-33.543_115.039,0.2295942848760534,0.2295942848760534,0.2295942848760534
HIGH TIDE,2011.10.09_-31.994_115.751,0.11762026201058992,0.07289333786476646,0.09525679993767819
HIGH TIDE,2011.10.19_-37.89_144.985,0.4189797373849558,0.34020554616879545,0.37959264177687563
HIGH TIDE,2011.10.22_-32.006_115.507,0.1168487741296302,0.06150120287560499,0.0891749885026176
HIGH TIDE,2011.11.28_-26.481_153.096,1.02652986185986,0.2994673145512475,0.6629985882055537
HIGH TIDE,2011.12.02_-28.726_153.598,0.507943708781893,0.23020205754616604,0.36907288316402953
HIGH TIDE,2011.12.07_-33.95_151.244,0.5817290304811633,0.2432536256112828,0.41249132804622307
HIGH TIDE,2011.12.11_-29.479_153.359,0.8568401591707211,0.28928701052278843,0.5730635848467548
HIGH TIDE,2012.01.02_-28.317_153.533,0.3577113132702997,0.26295597252592007,0.3103336428981099
HIGH TIDE,2012.01.03_-33.461_151.438,0.4329414191138489,0.16769477701539967,0.3003180980646243
HIGH TIDE,2012.01.18_-33.02_151.709,0.628909967338919,0.25945460604291865,0.44418228669091886
HIGH TIDE,2012.02.06_-26.757_153.126,0.888155900990587,0.3946789499190391,0.6414174254548131
HIGH TIDE,2012.02.25_-32.616_152.314,0.5527248688972238,0.5527248688972238,0.5527248688972238
HIGH TIDE,2012.03.06_-37.821_144.958,0.31938570995921056,0.3155176182594932,0.3174516641093519
HIGH TIDE,2012.03.20_-28.053_153.441,0.7448421428133356,0.5293690832764949,0.6371056130449153
HIGH TIDE,2012.03.22_-27.71_114.165,0.17882543069834675,-0.09526985978849624,0.06669272682706866
HIGH TIDE,2012.03.31_-33.467_115.56,0.21091817185808523,0.18025560936683377,0.19558689061245949
HIGH TIDE,2012.04.11_-35.237_136.897,0.4703846687439895,-0.012045243766054372,0.22916971248896756
HIGH TIDE,2012.06.03_-33.02_151.709,0.9832068898739805,0.4437276733241473,0.7134672815990639
HIGH TIDE,2012.06.12_-38.619_142.996,0.3033349327123339,0.12458211163886806,0.213958522175601
HIGH TIDE,2012.06.20_-31.779_115.733,0.3208620331165121,0.3208620331165121,0.3208620331165121
HIGH TIDE,2012.06.22_-43.63_146.79,0.26252374057761896,0.26252374057761896,0.26252374057761896
HIGH TIDE,2012.07.07_-38.283_144.6,1.146923124789542,0.7667429052890349,0.9568330150392884
HIGH TIDE,2012.07.14_-30.828_115.188,0.21901276614282675,0.21901276614282675,0.21901276614282675
HIGH TIDE,2012.07.31_-32.797_134.211,0.7300711421444583,0.08546780050595476,0.4077694713252066
HIGH TIDE,2012.08.11_-31.76_115.733,0.17457541651380298,0.17457541651380298,0.17457541651380298
HIGH TIDE,2012.10.02_-31.779_115.733,0.23444912334503215,-0.025265938296356427,0.10459159252433786
HIGH TIDE,2012.11.27_-26.682_153.118,0.8042293183857563,0.3692448987598571,0.5867371085728067
HIGH TIDE,2012.12.02_-35.272_150.516,0.6528696292247842,0.6528696292247842,0.6528696292247842
HIGH TIDE,2012.12.19_-31.878_115.752,0.10585569322564697,0.10585569322564697,0.10585569322564697
HIGH TIDE,2012.12.28_-31.735_152.792,0.7940846508696027,0.28962858414868353,0.541856617509143
HIGH TIDE,2012.12.30_-33.746_151.304,0.753255864099738,0.3195613734651341,0.5364086187824361
HIGH TIDE,2013.01.05_-20.385_116.876,1.2644157222814607,1.0696975942684745,1.1670566582749675
HIGH TIDE,2013.01.21_-26.807_153.132,0.4834335933607446,0.18573025329059134,0.33458192332566794
HIGH TIDE,2013.01.25_-26.365_152.968,0.8134647016645226,0.33303802930112847,0.5732513654828255
HIGH TIDE,2013.01.26_-38.385_141.565,0.4200697350241828,-0.0460755036605374,0.1869971156818227
HIGH TIDE,2013.03.10_-28.802_114.619,0.23033791857072333,-0.017698030006979653,0.09358293621415713
HIGH TIDE,2013.04.02_-31.951_115.86,0.24268249891724547,0.24268249891724547,0.24268249891724547
HIGH TIDE,2013.04.21_-31.844_152.727,0.47926489166252767,0.39016023122810256,0.4347125614453151
HIGH TIDE,2013.04.28_-30.157_153.15,0.9760036917339804,0.4831864650106278,0.7295950783723041
HIGH TIDE,2013.06.06_-35.071_150.783,0.6605571396089169,0.2648249607101181,0.4626910501595175
HIGH TIDE,2013.07.02_-38.474_145.022,0.9098501838836425,0.8143111268986544,0.8620806553911484
HIGH TIDE,2013.08.25_-31.253_146.921,0.5887449624323662,0.43957911692412766,0.5141620396782469
HIGH TIDE,2013.10.24_-33.71_151.303,0.5727254245722037,0.2402939978037808,0.40650971118799223
HIGH TIDE,2013.10.26_-31.812_115.709,-0.13660102303355248,-0.13660102303355248,-0.13660102303355248
HIGH TIDE,2013.10.28_-22.096_113.889,0.22171002105357754,0.13191293096471457,0.17681147600914604
HIGH TIDE,2013.11.12_-31.878_115.752,0.12193982019333875,0.010505469238253826,0.0662226447157963
HIGH TIDE,2013.11.23_-33.864_114.988,0.21906175543318496,0.21906175543318496,0.21906175543318496
HIGH TIDE,2013.11.30_-30.238_153.152,0.6919863087433441,0.4488201708471236,0.5704032397952339
HIGH TIDE,2013.12.05_-31.454_152.931,1.0547209288501105,0.4252843070761712,0.7400026179631408
HIGH TIDE,2014.01.26_-33.529_151.308,0.5728993470826067,0.26183089620165884,0.4173651216421328
HIGH TIDE,2014.02.08_-35.152_137.685,0.39853269980294753,0.14297483920364648,0.270753769503297
HIGH TIDE,2014.03.12_-31.479_152.93,0.548259775507556,0.282293377841714,0.415276576674635
HIGH TIDE,2014.03.18_-28.8_153.583,0.6905492469920954,0.6543294734523265,0.672439360222211
HIGH TIDE,2014.03.18_-38.368_144.285,0.7309537807052492,0.6633774366652738,0.6971656086852616
HIGH TIDE,2014.03.29_-32.607_115.64,0.13813255921191017,0.09638042963968198,0.11725649442579608
HIGH TIDE,2014.04.03_-36.736_149.967,0.3646999042651662,0.3646999042651662,0.3646999042651662
HIGH TIDE,2014.05.14_-34.333_135.75,0.7207335413724361,0.15501945855272337,0.4378764999625797
HIGH TIDE,2014.05.22_-32.771_151.999,0.598882543581467,0.4306819474787624,0.5147822455301146
HIGH TIDE,2014.05.27_-27.997_153.42,0.8714635699019313,0.4324730321438345,0.651968301022883
HIGH TIDE,2014.06.01_-34.77_150.813,0.6405859141956867,0.26392681496783416,0.45225636458176044
HIGH TIDE,2014.06.09_-35.631_138.467,0.267076966616725,-0.10454845233416483,0.07455229833007374
HIGH TIDE,2014.06.17_-17.947_122.231,3.757852496788773,3.5217229551555325,3.6397877259721527
HIGH TIDE,2014.06.18_-35.514_138.708,0.3947265948188035,-0.2586893227170283,0.0659707418353676
HIGH TIDE,2014.09.09_-28.64_153.627,0.9855946829955463,0.7116018419564761,0.8485982624760112
HIGH TIDE,2014.10.02_-33.836_121.984,0.19058915693078923,0.19058915693078923,0.19058915693078923
HIGH TIDE,2014.10.11_-33.584_115.09,0.2518305985027222,-0.17281956459927217,-0.006854564795279443
HIGH TIDE,2014.10.17_-33.465_151.435,0.4230473247267446,0.1899623722259178,0.3065048484763312
HIGH TIDE,2014.10.30_-31.992_152.559,0.6681464285042112,0.26945637117732185,0.4688013998407665
HIGH TIDE,2014.11.10_-30.19_153.15,0.8141608344366799,0.8141608344366799,0.8141608344366799
HIGH TIDE,2014.11.19_-32.052_115.755,0.2262057777664607,-0.04488663455805707,0.09065957160420182
HIGH TIDE,2014.11.29_-32.604_115.63,0.10613441322960056,0.08508291545588181,0.09560866434274118
HIGH TIDE,2014.12.15_-16.191_145.699,0.46382924008144016,0.18340634597434613,0.3236177930278932
HIGH TIDE,2014.12.28_-38.199_147.403,0.29261582484158666,0.18683083143939552,0.23972332814049108
HIGH TIDE,2014.12.29_-35.164_150.65,0.4821886929946574,0.4375754756362193,0.4598820843154383
HIGH TIDE,2015.01.16_-35.32_150.476,0.5176004928021349,0.23162914496716672,0.3746148188846508
HIGH TIDE,2015.01.17_-33.052_151.668,0.6487412049531247,0.2839935324378252,0.46636736869547496
HIGH TIDE,2015.01.24_-35.234_150.53,0.777348990943248,0.777348990943248,0.777348990943248
HIGH TIDE,2015.01.30_-27.989_153.426,0.6493598255792816,0.24387096533113667,0.4466153954552091
HIGH TIDE,2015.02.05_-32.947_151.76,0.7357025210089276,0.4194878649620089,0.5775951929854682
HIGH TIDE,2015.02.08_-28.719_153.612,0.6271769209564154,0.6271769209564154,0.6271769209564154
HIGH TIDE,2015.02.09_-33.37_151.486,0.47977687350175613,0.4393464654497783,0.4595616694757672
HIGH TIDE,2015.03.11_-28.644_153.615,0.557823118756877,0.3879177197591554,0.4728704192580162
HIGH TIDE,2015.04.11_-35.804_150.226,0.5510720547746243,0.24457730134074704,0.3978246780576857
HIGH TIDE,2015.04.24_-28.634_153.6,0.19712954010425862,0.19712954010425862,0.19712954010425862
HIGH TIDE,2015.04.25_-34.914_135.686,0.3371948898079866,0.06964960961434034,0.2034222497111635
HIGH TIDE,2015.05.03_-32.011_152.563,0.7187743631067787,0.45118731704665876,0.5849808400767187
HIGH TIDE,2015.06.24_-34.962_117.351,0.10675233544601874,0.10675233544601874,0.10675233544601874
HIGH TIDE,2015.06.25_-32.006_115.507,0.09038147876488889,0.09038147876488889,0.09038147876488889
HIGH TIDE,2015.06.30_-29.437_153.365,0.8455798773806706,0.32395216780739367,0.5847660225940321
HIGH TIDE,2015.07.02_-28.854_153.587,0.9859898793310339,0.37606856343474476,0.6810292213828893
HIGH TIDE,2015.07.03_-28.8_153.583,1.011060430646696,0.4002245680521948,0.7056424993494453
HIGH TIDE,2015.07.23_-38.251_141.806,0.2587538100532789,0.1116014299499745,0.1851776200016267
HIGH TIDE,2015.07.25_-42.643_147.978,0.3545754003811873,0.11321165826509462,0.23389352932314095
HIGH TIDE,2015.07.31_-29.109_153.422,1.0450224437795823,0.4411482700317219,0.7430853569056521
HIGH TIDE,2015.08.22_-31.479_152.93,0.43761548949245205,0.3069161139457068,0.3722658017190794
HIGH TIDE,2015.09.04_-32.068_152.515,0.658948686732902,0.658948686732902,0.658948686732902
HIGH TIDE,2015.09.08_-33.37_151.486,0.5918151266795271,0.21970555372586367,0.40576034020269536
HIGH TIDE,2015.09.26_-17.229_146.094,1.399816473737822,0.8820442666069696,1.1409303701723958
HIGH TIDE,2015.10.07_-32.604_115.63,0.10952364331803928,0.04241337069355194,0.08590534714259411
HIGH TIDE,2015.11.10_-28.854_153.587,0.6994675338973475,0.47224731769509254,0.58585742579622
HIGH TIDE,2015.12.13_-33.031_151.56,0.8322054641184496,0.35885056496755974,0.5955280145430046
HIGH TIDE,2015.12.21_-33.891_151.277,0.6189225387534444,0.42098510386999555,0.51995382131172
HIGH TIDE,2016.01.02_-23.153_150.905,1.0529826194877256,0.9059141885215295,0.9794484040046276
HIGH TIDE,2016.01.11_-26.807_153.134,1.0262854519546645,0.45300844194354467,0.7396469469491046
HIGH TIDE,2016.02.04_-33.098_151.658,0.5246558629933483,0.20870045003015647,0.3666781565117524
HIGH TIDE,2016.02.05_-27.532_153.463,0.6871925140429889,0.27864626667680836,0.4829193903598986
HIGH TIDE,2016.02.10_-40.93_144.62,0.47175586291259336,0.1606951935443296,0.3162255282284615
HIGH TIDE,2016.03.03_-37.033_139.741,0.1621849772262351,0.1090621085217217,0.13414222097771455
HIGH TIDE,2016.03.28_-34.05_151.157,0.33840497890700993,0.33840497890700993,0.33840497890700993
HIGH TIDE,2016.03.30_-34.656_150.856,0.4921102288387543,0.21345295921097204,0.3527815940248632
HIGH TIDE,2016.04.19_-28.641_153.612,0.5796988902931495,0.5712379791724479,0.5754684347327987
HIGH TIDE,2016.05.31_-32.579_115.654,0.09962606488477782,-0.006582842830473448,0.03857452203731942
HIGH TIDE,2016.06.02_-28.265_153.578,0.8256631582671267,0.5820818724117695,0.7038725153394481
HIGH TIDE,2016.06.05_-31.69_115.706,0.3576887266898789,0.3576887266898789,0.3576887266898789
HIGH TIDE,2016.07.04_-16.744_145.671,1.3097464357360482,0.6130670725269056,0.9614067541314769
HIGH TIDE,2016.07.20_-27.935_153.433,0.9367972418280519,0.350702760941592,0.643750001384822
HIGH TIDE,2016.07.23_-42.989_147.522,0.3789933407561965,0.17229809814016148,0.275645719448179
HIGH TIDE,2016.07.26_-28.834_153.605,0.6406057349647144,0.5065961285606164,0.5736009317626654
HIGH TIDE,2016.07.28_-35.027_117.884,0.19488950214185966,0.19488950214185966,0.19488950214185966
HIGH TIDE,2016.09.05_-33.693_114.986,0.04319455470077958,0.04319455470077958,0.04319455470077958
HIGH TIDE,2016.09.15_-33.321_115.638,0.273742836349854,0.0489675006803597,0.16135516851510687
HIGH TIDE,2016.09.15_-38.367_144.285,0.5868342653321847,0.4295910315855347,0.5082126484588597
HIGH TIDE,2016.09.17_-38.285_144.459,0.7516055704631699,0.7516055704631699,0.7516055704631699
HIGH TIDE,2016.09.26_-28.873_153.59,0.6942873947106498,0.27542666304380387,0.4848570288772268
HIGH TIDE,2016.10.12_-28.834_153.605,0.6856261212247792,0.3230362590889042,0.5043311901568417
HIGH TIDE,2016.10.15_-26.801_153.141,0.8968849638819261,0.8001529937795495,0.8485189788307378
HIGH TIDE,2016.10.24_-28.702_153.614,0.5987714176222901,0.22855547828944164,0.4136634479558659
HIGH TIDE,2016.11.28_-38.268_144.629,0.46270343103180905,0.46270343103180905,0.46270343103180905
HIGH TIDE,2016.12.01_-32.313_152.518,0.768279241601278,0.31002964056429305,0.5391544410827855
HIGH TIDE,2016.12.06_-36.888_149.906,0.5168056445802744,0.2656671030198944,0.3912363738000844
HIGH TIDE,2016.12.14_-31.878_115.752,0.39187661681891583,0.39187661681891583,0.39187661681891583
HIGH TIDE,2017.01.03_-36.888_149.906,0.6159657385940328,0.3287936479041095,0.47237969324907114
HIGH TIDE,2017.01.13_-22.042_149.484,4.351481147693988,3.2626368095290545,3.807058978611521
HIGH TIDE,2017.02.17_-18.236_146.326,0.21043160437245675,0.0759693554814503,0.12458538014439444
HIGH TIDE,2017.02.24_-32.579_115.654,0.2807677401867284,-0.00882302574926951,0.13597235721872944
HIGH TIDE,2017.02.25_-31.954_115.862,0.2797119332920492,-0.021513819230850936,0.12909905703059912
HIGH TIDE,2017.03.19_-34.072_150.718,0.4666053851214444,0.21293322881829138,0.3397693069698679
HIGH TIDE,2017.04.02_-27.312_153.345,1.0667967553591058,0.5779835449557295,0.8223901501574176
HIGH TIDE,2017.04.17_-33.832_121.997,0.32556516691452875,0.32556516691452875,0.32556516691452875
HIGH TIDE,2017.05.06_-12.649_141.847,0.3027666142419405,0.25743535587831184,0.28010098506012615
HIGH TIDE,2017.05.27_-29.109_153.422,1.09052591008874,0.4998318740708397,0.7951788920797898
HIGH TIDE,2017.06.10_-38.474_145.022,0.926359373244196,0.926359373244196,0.926359373244196
HIGH TIDE,2017.06.11_-33.315_115.637,0.3290363406786573,-0.21173767145130815,0.05864933461367457
HIGH TIDE,2017.07.14_-31.929_115.755,0.18188739627855458,-0.031240272428455795,0.0753235619250494
HIGH TIDE,2017.09.10_-20.622_117.184,2.3976243900516416,2.2195289473595032,2.308576668705572
HIGH TIDE,2017.09.10_-29.412_153.365,0.6748889558072039,0.5828935124256344,0.6288912341164191
HIGH TIDE,2017.09.14_-33.861_121.891,0.18499112074419483,0.18499112074419483,0.18499112074419483
HIGH TIDE,2017.09.25_-33.864_114.988,0.20261850147874888,-0.07567033048833498,0.06347408549520694
HIGH TIDE,2017.10.22_-35.446_138.322,1.049582366656553,0.6526170850162843,0.8510997258364186
HIGH TIDE,2017.10.28_-32.788_152.08,0.4365106759868273,0.15086943021960064,0.29369005310321394
HIGH TIDE,2017.10.31_-19.136_146.842,1.2108205970204526,0.7101348391697107,0.9604777180950816
HIGH TIDE,2017.11.13_-33.465_151.435,0.5198476439808835,0.40398887785353865,0.46191826091721105
HIGH TIDE,2018.01.13_-34.494_150.938,0.5755111471986509,0.22077390824404905,0.39814252772135
HIGH TIDE,2018.01.14_-14.668_145.464,0.8402990659734347,0.3628538941188697,0.6015764800461523
HIGH TIDE,2018.02.01_-32.595_115.633,0.3409735060165211,0.3409735060165211,0.3409735060165211
HIGH TIDE,2018.02.14_-26.681_153.122,0.8254586859447456,0.38948641437597464,0.6074725501603602
HIGH TIDE,2018.02.15_-34.682_150.851,0.7035548307384185,0.36434918847235587,0.5339520096053871
HIGH TIDE,2018.02.17_-38.356_145.248,0.4391119036157808,0.1993243827765631,0.3192181431961719
HIGH TIDE,2018.02.23_-33.992_151.238,0.5206895142009246,0.309001629031318,0.4148455716161213
HIGH TIDE,2018.03.09_-38.368_144.285,0.889015349970162,0.8387135743516579,0.86386446216091
HIGH TIDE,2018.03.09_-38.537_143.972,0.8128587511145885,0.7590667206653577,0.7859627358899731
HIGH TIDE,2018.03.14_-31.85_115.755,0.22061096832222898,0.008823493124794602,0.1147172307235118
HIGH TIDE,2018.04.15_-33.875_114.986,0.1521139814625023,0.07653879492937128,0.1143263881959368
HIGH TIDE,2018.04.15_-33.961_115.077,0.15523919278951,0.07734232793933978,0.1162907603644249
HIGH TIDE,2018.04.24_-33.864_114.977,0.1578908543517022,0.12462890536542344,0.1412598798585628
HIGH TIDE,2018.04.25_-28.8_153.583,0.6892817983340905,0.4098271493325258,0.5495544738333081
HIGH TIDE,2018.04.25_-33.977_114.986,0.13901735101859247,0.0963250782061789,0.1176712146123857
HIGH TIDE,2018.05.09_-28.834_153.605,0.48242399735711217,0.2249947312994962,0.3537093643283042
HIGH TIDE,2018.05.24_-16.918_145.774,0.9384954875431711,0.6079056350637398,0.7732005613034555
HIGH TIDE,2018.06.03_-28.842_153.602,0.6636211435490955,0.1862738096763549,0.4249474766127252
HIGH TIDE,2018.06.08_-30.069_153.195,0.45327226561051104,0.38552440606627547,0.41939833583839325
HIGH TIDE,2018.10.08_-21.981_152.473,1.059670151310184,0.810730609065884,0.935200380188034
HIGH TIDE,2018.10.13_-31.776_115.675,0.24574570531338302,-0.1181214163097342,0.0638121445018244
HIGH TIDE,2018.10.19_-32.767_152.124,0.47155862100731816,0.22291790589247332,0.3472382634498957
HIGH TIDE,2018.10.24_-34.162_115.189,0.2237788096612847,0.05216845108466502,0.13797363037297486
HIGH TIDE,2018.11.05_-20.25_148.933,1.538969369375195,1.4749373596028192,1.5069533644890072
HIGH TIDE,2018.11.07_-28.863_153.594,0.832718955303798,0.5832851528564984,0.7080020540801482
HIGH TIDE,2018.11.11_-32.604_115.63,0.2805998794350436,-0.19316678117571612,-0.011047442618640676
HIGH TIDE,2018.11.17_-34.77_150.813,0.39453078642047273,0.256735186399685,0.3256329864100789
HIGH TIDE,2018.11.18_-12.182_136.782,0.48233418458276633,0.4051694738505524,0.44375182921665934
HIGH TIDE,2018.12.09_-30.666_152.732,0.8307300273924871,0.2770960712817492,0.5539130493371182
HIGH TIDE,2019.01.10_-20.346_148.957,1.4405862884177236,0.6085139697980221,1.024550129107873
HIGH TIDE,2019.01.14_-31.982_115.761,0.11331199684240893,0.11331199684240893,0.11331199684240893
HIGH TIDE,2019.02.04_-30.5_153.017,0.7985034941495358,0.3358222314741049,0.5671628628118204
HIGH TIDE,2019.02.17_-28.634_153.6,0.8983246118569153,0.3828767028346521,0.6406006573457836
HIGH TIDE,2019.03.25_-19.674_149.175,0.8427821505283831,0.4035919846098717,0.6231870675691275
HIGH TIDE,2019.04.27_-31.889_152.444,0.4788801070902496,0.1395238233582779,0.30920196522426374
HIGH TIDE,2019.05.14_-24.609_152.13,1.0977731274304958,0.8338356574953488,0.9658043924629223
HIGH TIDE,2019.06.05_-28.8_153.583,0.9689487471719324,0.3438958842279771,0.6564223156999547
HIGH TIDE,2019.06.06_-43.652_146.277,0.3522094348231194,0.3522094348231194,0.3522094348231194
HIGH TIDE,2019.07.09_-26.799_153.133,0.7409974332300373,0.43013151468614685,0.5855644739580921
HIGH TIDE,2019.07.28_-11.857_143.282,1.0715979412522427,0.42808332872397803,0.7498406349881104
HIGH TIDE,2019.09.07_-31.725_115.725,0.18197705962871327,0.18197705962871327,0.18197705962871327
HIGH TIDE,2019.09.28_-12.379_130.842,3.0953254375518675,2.874117936590021,2.9847216870709445
HIGH TIDE,2019.10.05_-31.479_152.93,0.5675780004573142,0.17214507662440853,0.36986153854086135
HIGH TIDE,2019.10.17_-27.061_153.201,0.81932863469182,0.46137000769519554,0.6403493211935078
HIGH TIDE,2019.10.29_-20.268_148.717,1.5891309222924614,0.9636789603093421,1.2764049413009018
HIGH TIDE,2019.11.23_-24.917_152.483,1.2509923560782665,1.087585363125983,1.169288859602125
HIGH TIDE,2019.11.30_-24.831_152.459,1.1719073333037942,0.3816056995603703,0.7767565164320822
HIGH TIDE,2019.12.06_-21.931_114.124,0.3409585061636406,0.1357739441886093,0.23836622517612494
HIGH TIDE,2019.12.30_-23.295_151.708,1.2215487377837786,1.2215487377837786,1.2215487377837786
HIGH TIDE,2020.01.02_-33.861_121.891,0.24713633992572356,-0.026356740904087617,0.11038979951081797
HIGH TIDE,2020.01.05_-33.922_121.903,0.22908201053847033,-0.09539961927215695,0.06684119563315669
HIGH TIDE,2020.01.07_-23.295_151.708,1.0891382252806303,0.6527208421461808,0.8709295337134055
HIGH TIDE,2020.01.17_-34.534_150.875,0.5122224397660555,0.44839386715115903,0.4803081534586073
