state,Date_Location,height_low_tide_max,height_low_tide_min,height_low_tide_mean
LOW TIDE,1939.11.11_-33.95_151.244,-0.6222863280984601,-0.7239864670308926,-0.6731363975646764
LOW TIDE,1939.12.28_-33.922_150.901,-0.564311405765077,-0.7838017664868795,-0.6740565861259782
LOW TIDE,1940.01.01_-19.359_146.885,-0.4982563685371424,-0.8092147973876631,-0.6537355829624028
LOW TIDE,1940.01.23_-33.959_151.152,-0.5709199073341977,-0.6578020033266607,-0.6143609553304292
LOW TIDE,1940.02.04_-33.959_151.152,-0.4113552314113564,-0.473882591587304,-0.4426189114993302
LOW TIDE,1940.02.20_-33.846_151.249,-0.5049147309477109,-0.5049147309477109,-0.5049147309477109
LOW TIDE,1941.08.05_-33.834_151.092,-0.5415642780149339,-0.6943118332495472,-0.6179380556322405
LOW TIDE,1942.01.04_-33.786_151.226,-0.6304154345974876,-0.6304154345974876,-0.6304154345974876
LOW TIDE,1942.01.18_-33.801_151.294,-0.579992103843212,-0.7889984359096899,-0.6844952698764509
LOW TIDE,1942.03.04_-34.049_150.895,-0.6249561958050572,-0.7183699590829797,-0.6716630774440184
LOW TIDE,1942.05.09_-16.919_145.778,-0.6306294818648568,-0.8171973247869544,-0.7239134033259056
LOW TIDE,1942.09.12_-16.783_145.7,-0.7578116965715141,-0.7729035627084289,-0.7653576296399716
LOW TIDE,1942.12.26_-33.781_151.215,-0.35592722347001504,-0.5681798454406366,-0.4620535344553258
LOW TIDE,1944.01.16_-31.99_115.763,-0.17201004375660098,-0.17201004375660098,-0.17201004375660098
LOW TIDE,1945.06.15_-16.783_145.7,-0.336152312159156,-0.4271945507074894,-0.38167343143332266
LOW TIDE,1946.01.05_-33.99_151.084,-0.6427363734763144,-0.6427363734763144,-0.6427363734763144
LOW TIDE,1946.01.17_-19.259_146.817,-0.8874300325736652,-0.8874300325736652,-0.8874300325736652
LOW TIDE,1946.02.10_-31.934_115.764,-0.2066181873534297,-0.2066181873534297,-0.2066181873534297
LOW TIDE,1946.03.20_-34.9_138.489,-1.0851593119405207,-1.1243841065998053,-1.104771709270163
LOW TIDE,1946.04.19_-16.783_145.7,-0.22717589562889762,-0.6236093959991781,-0.42539264581403785
LOW TIDE,1946.08.18_-16.723_145.676,-0.1842724053321746,-0.5097690960443131,-0.34702075068824384
LOW TIDE,1946.10.14_-33.059_151.644,-0.629363150098043,-0.6706150885926342,-0.6499891193453387
LOW TIDE,1946.12.28_-34.982_138.516,-0.5950021284889773,-0.8943182702965837,-0.7446601993927805
LOW TIDE,1947.01.14_-33.846_151.249,-0.2480477048190109,-0.460262681421235,-0.35415519312012295
LOW TIDE,1947.04.06_-33.601_151.322,-0.6531649115740512,-0.6531649115740512,-0.6531649115740512
LOW TIDE,1947.06.16_-33.919_151.256,-0.5730528551088293,-0.6031660903930118,-0.5881094727509206
LOW TIDE,1947.07.24_-12.508_130.859,-2.1996059904078624,-2.2653566899242374,-2.23248134016605
LOW TIDE,1947.11.14_-32.924_151.793,-0.606793493927294,-0.606793493927294,-0.606793493927294
LOW TIDE,1947.11.23_-34.982_138.516,-0.0030278697260508955,-0.35059088954673967,-0.1768093796363953
LOW TIDE,1948.01.25_-33.676_151.307,-0.5917981282605951,-0.7645138875011984,-0.6781560078808968
LOW TIDE,1948.02.12_-32.805_151.961,-0.4906861130130461,-0.6175850961779338,-0.5541356045954899
LOW TIDE,1949.01.05_-32.028_115.75,-0.1792202837837771,-0.1792202837837771,-0.1792202837837771
LOW TIDE,1949.01.13_-33.676_151.307,-0.48312879236484896,-0.6116521994017274,-0.5473904958832883
LOW TIDE,1949.01.14_-33.888_151.281,-0.5244489077442305,-0.6978419099306342,-0.6111454088374324
LOW TIDE,1949.01.23_-32.94_151.768,-0.35473505074949924,-0.43223968445913297,-0.39348736760431613
LOW TIDE,1949.04.17_-16.723_145.676,-0.149666104759318,-0.5812029925187694,-0.3654345486390437
LOW TIDE,1949.05.16_-17.964_122.23,-3.1653627542496596,-3.591991467540651,-3.378677110895155
LOW TIDE,1949.08.28_-16.818_145.733,-0.33507962550068515,-0.7245262210695559,-0.5298029232851205
LOW TIDE,1949.11.12_-38.173_144.873,-0.12006574344932278,-0.5509424275886391,-0.3355040855189809
LOW TIDE,1949.11.20_-34.012_151.207,-0.609764817772193,-0.7734332853316623,-0.6915990515519277
LOW TIDE,1950.01.12_-37.974_144.696,-0.29411322576956644,-0.4914867564561171,-0.3927999911128418
LOW TIDE,1950.02.18_-31.99_115.763,-0.05553694566654181,-0.19595206291577458,-0.1257445042911582
LOW TIDE,1950.03.01_-31.934_115.764,-0.32283936423757675,-0.32283936423757675,-0.32283936423757675
LOW TIDE,1950.11.12_-23.133_150.733,-1.9096760858940318,-2.0776664311187436,-1.9936712585063878
LOW TIDE,1950.12.16_26.706_-80.036,-0.32414915977808056,-0.3810115125871372,-0.35258033618260887
LOW TIDE,1951.02.01_-33.891_151.277,-0.3988397543180202,-0.4020664858452118,-0.40045312008161604
LOW TIDE,1951.03.24_-33.869_151.209,-0.7038435225124559,-0.7038435225124559,-0.7038435225124559
LOW TIDE,1951.03.26_-33.63_151.33,-0.6042985318121651,-0.6699657654911586,-0.6371321486516619
LOW TIDE,1951.09.02_-23.266_150.359,-1.89152761917499,-2.042066742432756,-1.966797180803873
LOW TIDE,1951.12.06_-32.947_151.76,-0.3059997940982231,-0.5774934463766214,-0.4417466202374222
LOW TIDE,1951.12.16_-33.888_151.281,-0.3793552077306698,-0.5548538924376758,-0.4671045500841728
LOW TIDE,1952.12.21_-38.015_140.582,-0.05856687678010132,-0.3855290233990814,-0.22204795008959136
LOW TIDE,1953.01.20_-34.821_138.494,-0.8867986307939203,-0.8867986307939203,-0.8867986307939203
LOW TIDE,1953.03.19_-34.721_135.879,-0.3184624051251972,-0.5776116772121076,-0.4480370411686524
LOW TIDE,1953.03.22_-33.742_151.317,-0.23607813354904866,-0.3898599525998725,-0.3129690430744606
LOW TIDE,1954.01.22_-10.254_142.481,-1.0235318664874837,-1.098637431183147,-1.0610846488353154
LOW TIDE,1954.06.27_-16.934_145.994,-0.5208182335323265,-1.138683675415907,-0.8297509544741168
LOW TIDE,1954.12.11_-38.283_144.6,-1.2903681032714267,-1.2903681032714267,-1.2903681032714267
LOW TIDE,1955.01.17_-33.82_151.251,-0.22711730693808177,-0.33594512854604436,-0.2815312177420631
LOW TIDE,1955.02.01._-33.834_151.092,-0.395412102833375,-0.4304426395603312,-0.4129273711968531
LOW TIDE,1955.02.05_-33.786_151.226,-0.5064616450062295,-0.7014023006446342,-0.6039319728254318
LOW TIDE,1956.01.05_-33.888_151.281,-0.2889374093677615,-0.46105608979335,-0.37499674958055573
LOW TIDE,1956.03.11_-34.057_151.152,-0.4679025401588532,-0.6089293120562683,-0.5384159261075607
LOW TIDE,1956.06.28_-9.444_147.18,-0.19978842549855919,-0.3598803412604478,-0.2798343833795035
LOW TIDE,1957.04.13_-10.591_142.221,-0.5137535498333278,-0.8496001263589591,-0.6816768380961434
LOW TIDE,1957.04.23_-32.947_151.76,-0.22057829809653343,-0.41627423944346414,-0.3184262687699988
LOW TIDE,1957.05.11_-32.66_152.152,-0.6228817430062041,-0.6710267311858384,-0.6469542370960213
LOW TIDE,1957.07.09_-10.58_142.219,-0.3551541842870079,-1.0833967681766663,-0.7192754762318371
LOW TIDE,1957.11.04_-30.749_152.994,-0.432080412253117,-0.5833116966626373,-0.5076960544578771
LOW TIDE,1958.01.19_-28.556_153.544,-0.6115109146946108,-0.684746493804051,-0.6481287042493309
LOW TIDE,1958.01.27_-35.207_150.552,-0.26112932441726255,-0.39685685720988756,-0.3289930908135751
LOW TIDE,1958.06.15_-16.76_145.974,-0.94840251597727,-0.94840251597727,-0.94840251597727
LOW TIDE,1958.11.23_-28.0_153.417,-0.44047828526860133,-0.6366009953105347,-0.538539640289568
LOW TIDE,1959.01.17_-43.163_147.855,-0.15147569421735285,-0.19492312763742697,-0.1731994109273899
LOW TIDE,1959.01.25_-39.875_143.937,-0.19927000626689342,-0.395889541701356,-0.2975797739841247
LOW TIDE,1959.01.31_-31.981_115.864,-0.12114642269896383,-0.12114642269896383,-0.12114642269896383
LOW TIDE,1959.02.28_-38.173_144.873,-0.18182920341700884,-0.40841146629048225,-0.29512033485374556
LOW TIDE,1959.04.05_-34.315_150.91,-0.42829788735403246,-0.5775408702990471,-0.5029193788265398
LOW TIDE,1959.11.09_-31.951_115.86,0.04208936051548375,-0.1083543888131608,-0.03313251414883853
LOW TIDE,1959.11.22_-28.006_153.431,-0.2922652006950288,-0.4310526819166908,-0.36165894130585985
LOW TIDE,1959.11.28_-28.077_153.447,-0.6174915467891958,-0.83651764088196,-0.7270045938355779
LOW TIDE,1959.12.11_-37.863_144.812,-0.3528214870706247,-0.3528214870706247,-0.3528214870706247
LOW TIDE,1959.12.19_-27.444_153.174,-0.7875310383642091,-0.8389778649668946,-0.8132544516655519
LOW TIDE,1959.12.28_-33.884_151.157,-0.7270762990275317,-0.7270762990275317,-0.7270762990275317
LOW TIDE,1959.12.29_-27.252_153.11,-1.015022190274547,-1.1756680176827308,-1.095345103978639
LOW TIDE,1960.01.07_-43.02_147.925,-0.20741349033758377,-0.21972874952663027,-0.21357111993210703
LOW TIDE,1960.01.13_-28.78_114.614,-0.07417428153904115,-0.31430713853621595,-0.19424071003762855
LOW TIDE,1960.01.16_-33.773_151.204,-0.47826185078959016,-0.6382837535996945,-0.5582728021946424
LOW TIDE,1960.02.07_-34.075_151.057,-0.3198966004253783,-0.32581916259558225,-0.3228578815104803
LOW TIDE,1960.02.10._-33.891_151.277,-0.4019606776188029,-0.5301411130539557,-0.46605089533637933
LOW TIDE,1960.02.29_-42.97_147.43,-0.1926875822399025,-0.3169001874764111,-0.2547938848581568
LOW TIDE,1960.04.03_-32.616_152.314,-0.2742300629007719,-0.3686722079944854,-0.32145113544762866
LOW TIDE,1960.04.03_-38.192_145.095,-0.21475456280805413,-0.48692865357972864,-0.3508416081938914
LOW TIDE,1960.04.10_-32.006_115.507,-0.11577566472549,-0.14011125950567407,-0.12794346211558205
LOW TIDE,1960.04.12_-30.884_153.039,-0.7469362254889721,-0.7750517040826643,-0.7609939647858182
LOW TIDE,1960.04.22_-32.006_115.507,-0.02830543869005856,-0.1311573534913572,-0.07973139609070788
LOW TIDE,1960.09.18_-35.094_117.95,-0.13625599758771983,-0.2485016161029799,-0.19237880684534986
LOW TIDE,1960.11.11_-27.252_153.11,-0.419390552421012,-0.5080570233329944,-0.4637237878770032
LOW TIDE,1960.11.27_-21.063_149.188,-1.5076905642234275,-2.092357512941245,-1.800024038582336
LOW TIDE,1960.12.01_-27.557_152.803,-0.8354928665480101,-1.0478279946443163,-0.9416604305961632
LOW TIDE,1960.12.20_-26.895_152.319,-0.7543485717796613,-0.8475814715566897,-0.8009650216681755
LOW TIDE,1960.12.27._-33.891_151.277,-0.33150154814608224,-0.48771198766405777,-0.40960676790507
LOW TIDE,1961.01.06_-12.467_130.85,-1.8131018771679321,-2.7269266590481362,-2.270014268108034
LOW TIDE,1961.01.15_-28.196_153.578,-0.6623179289113341,-0.8225642339105127,-0.7424410814109235
LOW TIDE,1961.02.01_-32.121_115.662,-0.05265204533801573,-0.22723674988049675,-0.13994439760925623
LOW TIDE,1961.02.17_-38.264_145.016,-0.11770138059493368,-0.2781807500152763,-0.197941065305105
LOW TIDE,1961.03.18_-38.397_142.473,-0.27642675215083157,-0.332863385743252,-0.3046450689470418
LOW TIDE,1961.04.03_-37.908_145.101,-0.08332719576042578,-0.26456773047375154,-0.1443702767938747
LOW TIDE,1961.04.14_-30.642_152.998,-0.7232564402057893,-0.7918819084455946,-0.7575691743256919
LOW TIDE,1961.04.16_-34.217_151.0,-0.6336996971612813,-0.6794531278156807,-0.656576412488481
LOW TIDE,1961.04.25_-30.88_153.058,-0.3107408240951676,-0.46456601263530123,-0.3876534183652344
LOW TIDE,1961.05.07_-31.661_115.696,-0.22864891384453945,-0.22864891384453945,-0.22864891384453945
LOW TIDE,1961.07.07_-27.033_153.467,-0.3373199646384398,-0.6149592247394011,-0.4761395946889204
LOW TIDE,1961.09.06_-17.964_122.23,-0.677098540608626,-1.4442532277730256,-1.0606758841908257
LOW TIDE,1961.12.13_-10.58_142.219,0.42181881081634326,0.42181881081634326,0.42181881081634326
LOW TIDE,1961.12.27_-31.852_115.751,-0.19515866922421177,-0.19515866922421177,-0.19515866922421177
LOW TIDE,1961.12.28_-21.074_149.228,-1.0330089107246117,-1.2462246970551234,-1.1396168038898675
LOW TIDE,1962.01.02_-38.294_147.147,-0.2352853317761194,-0.3722362149382857,-0.30376077335720253
LOW TIDE,1962.01.07_-26.783_153.133,-0.7298334871134573,-0.8839697412244861,-0.8069016141689718
LOW TIDE,1962.01.07_-33.869_151.209,-0.6018032921111458,-0.7944207079878544,-0.6981120000495
LOW TIDE,1962.01.08_-34.542_150.858,-0.5704734177198302,-0.8082464178422112,-0.6893599177810207
LOW TIDE,1962.01.11_-35.05_138.516,-0.5057442143051921,-0.7531962382215206,-0.6294702262633564
LOW TIDE,1962.01.14_-28.8_153.583,-0.5843167222020709,-0.5843167222020709,-0.5843167222020709
LOW TIDE,1962.01.14_-33.742_151.317,-0.3528202974283893,-0.516326092888715,-0.43457319515855214
LOW TIDE,1962.01.21_-34.057_151.152,-0.4676267808256428,-0.6140002295040499,-0.5408135051648464
LOW TIDE,1962.02.04_-28.164_153.548,-0.7449450460240452,-0.8391213488957286,-0.7920331974598869
LOW TIDE,1962.02.15_-27.179_153.373,-0.5304979998349248,-0.5304979998349248,-0.5304979998349248
LOW TIDE,1962.03.25_-33.282_151.579,-0.47253817956333366,-0.49364951180960953,-0.4830938456864716
LOW TIDE,1962.04.20_-28.044_153.437,-0.5902456526786649,-0.673359106390584,-0.6318023795346245
LOW TIDE,1962.10.14_-38.173_144.873,-0.2056053421039628,-0.3251441530944323,-0.26537474759919755
LOW TIDE,1962.11.10_-34.674_150.844,-0.6638437390155194,-0.7344950026191199,-0.6991693708173197
LOW TIDE,1962.11.25_-19.259_146.817,-0.5546024198905737,-1.0522937466902698,-0.8034480832904217
LOW TIDE,1962.11.29_-33.869_151.209,-0.4772611370685683,-0.6174297991233593,-0.5473454680959637
LOW TIDE,1963.01.26_-29.109_153.422,-0.7319521742872016,-0.7417563956845138,-0.7368542849858577
LOW TIDE,1963.01.28_-33.783_151.223,-0.5758199850010328,-0.765955107523681,-0.6708875462623569
LOW TIDE,1963.02.24_-34.279_150.956,-0.6078329055943452,-0.7993391420379576,-0.7035860238161514
LOW TIDE,1963.04.13_-33.673_115.031,-0.12028128068285544,-0.16249712063282581,-0.14088167903636653
LOW TIDE,1963.04.22_-29.432_153.365,-0.7700567149550264,-0.848577678461312,-0.8093171967081692
LOW TIDE,1963.09.13_-34.042_151.163,-0.3585531401357252,-0.3585531401357252,-0.3585531401357252
LOW TIDE,1963.11.14_-28.044_153.437,-0.5126270029988155,-0.6782320219682865,-0.5954295124835509
LOW TIDE,1963.12.08_-34.928_138.601,-0.19183905902182968,-0.40561139237295996,-0.2987252256973948
LOW TIDE,1963.12.21_-30.113_153.184,-0.43561893324062734,-0.5451120554692866,-0.490365494354957
LOW TIDE,1963.12.26_-25.288_152.768,-0.8453286424263455,-1.2852287411145158,-1.0652786917704307
LOW TIDE,1964.01.01_-31.748_115.773,-0.36181401744104186,-0.36181401744104186,-0.36181401744104186
LOW TIDE,1964.01.18_-34.228_115.056,-0.2329365124322344,-0.2329365124322344,-0.2329365124322344
LOW TIDE,1964.02.02_-27.47_153.025,-0.8521893609754276,-0.853786937334414,-0.8529881491549208
LOW TIDE,1964.03.28_-28.0_153.417,-0.6452460617598632,-0.7112656098291151,-0.6782558357944892
LOW TIDE,1964.11.18_-28.2_153.567,-0.6397764657059931,-0.8269321084365121,-0.7333542870712526
LOW TIDE,1964.11.29_-38.416_142.004,0.028404289244944658,-0.11755796230924634,-0.04457683653215084
LOW TIDE,1964.12.10_-35.048_150.745,-0.22862495791312243,-0.4962117261502698,-0.3624183420316961
LOW TIDE,1965.01.10_-37.842_144.932,-0.36467511477582404,-0.46820663134239904,-0.41644087305911154
LOW TIDE,1965.11.03_-16.591_145.519,-0.5103928637244918,-0.7092329481602124,-0.609812905942352
LOW TIDE,1965.11.21_-27.47_153.025,-0.8998406709182794,-1.1289648113964368,-1.0144027411573582
LOW TIDE,1965.12.28_-31.989_115.541,-0.20911598622956143,-0.20911598622956143,-0.20911598622956143
LOW TIDE,1966.01.15_-34.367_150.917,-0.32202151026594356,-0.4514019783216144,-0.38671174429377897
LOW TIDE,1966.02.27_-34.288_150.949,-0.3508581352682796,-0.3921986023329493,-0.37152836880061446
LOW TIDE,1966.03.20_-33.95_151.244,-0.40414509110295144,-0.5827437283085988,-0.4934444097057751
LOW TIDE,1966.05.20_-30.452_152.898,-0.6368269197227929,-0.6368269197227929,-0.6368269197227929
LOW TIDE,1966.05.20_-35.048_150.745,-0.4910964614379157,-0.5800547587643213,-0.5355756101011185
LOW TIDE,1966.08.28_-12.508_130.859,-0.8384199351600186,-0.8384199351600186,-0.8384199351600186
LOW TIDE,1966.09.10_-31.979_115.533,-0.30553805829193686,-0.30553805829193686,-0.30553805829193686
LOW TIDE,1966.09.13_-35.027_117.884,-0.1928030588194303,-0.4013565104967684,-0.29707978465809937
LOW TIDE,1966.12.26_-33.919_151.256,-0.4409807513496468,-0.5697552292765348,-0.5053679903130908
LOW TIDE,1966.12.27_-30.884_153.04,-0.6093347430579376,-0.6122501660653855,-0.6107924545616615
LOW TIDE,1966.12.27_-30.88_153.058,-0.6093347430579376,-0.6122501660653855,-0.6107924545616615
LOW TIDE,1966.12.31_-41.852_148.26,-0.1607684134529899,-0.6595452148566812,-0.4101568141548355
LOW TIDE,1967.03.10_-33.872_151.278,-0.44976985432088523,-0.6105762568695315,-0.5301730555952084
LOW TIDE,1967.03.12_-38.15_144.362,0.12694967637547555,-0.1612657201564252,-0.04854849886746966
LOW TIDE,1967.08.10_-35.048_150.745,-0.4866724056186652,-0.7179064003486683,-0.6022894029836667
LOW TIDE,1967.11.30_-28.0_153.417,-0.6572709572558824,-0.8398402406504337,-0.748555598953158
LOW TIDE,1967.11.30_-34.428_150.893,-0.6295239413421957,-0.7001144317542192,-0.6648191865482074
LOW TIDE,1967.12.17_-38.314_144.668,-0.16421934329327073,-0.7276034243887142,-0.44591138384099244
LOW TIDE,1968.02.02_-28.556_153.544,-0.47301133877832857,-0.5924695914365732,-0.5327404651074509
LOW TIDE,1968.02.20_-31.896_115.958,-0.15172740441116836,-0.15172740441116836,-0.15172740441116836
LOW TIDE,1968.04.07_-32.805_151.961,-0.21168787831155722,-0.39513197474341916,-0.3034099265274882
LOW TIDE,1968.12.26_-33.795_151.285,-0.27342381484849076,-0.529665510577439,-0.4015446627129649
LOW TIDE,1969.01.27_-35.014_150.849,-0.2673505742320272,-0.27772077801967593,-0.27253567612585156
LOW TIDE,1969.02.17_-42.948_147.349,-0.10228857483709691,-0.5613322488772106,-0.33181041185715376
LOW TIDE,1969.03.25_-32.928_151.782,-0.2337655347551411,-0.32145877851726123,-0.2776121566362012
LOW TIDE,1969.05.14_-23.267_151.935,-0.8270375133649897,-1.0932980006067627,-0.9601677569858762
LOW TIDE,1969.11.05_-33.87_151.202,-0.2579490369154092,-0.5199131114909346,-0.38893107420317186
LOW TIDE,1969.11.30_-31.896_115.958,-0.2048733075049662,-0.2048733075049662,-0.2048733075049662
LOW TIDE,1970.09.02_-33.87_151.202,-0.48229084171371034,-0.6126376580582908,-0.5474642498860006
LOW TIDE,1971.08.21_-33.806_151.295,-0.4750416342282803,-0.6347670204559606,-0.5549043273421204
LOW TIDE,1971.11.25_-33.87_151.202,-0.27522960906231025,-0.5760656352154683,-0.4256476221388893
LOW TIDE,1971.12.05_-23.842_151.25,-1.097996253846887,-1.343158352563021,-1.220577303204954
LOW TIDE,1971.12.23_-30.924_153.089,-0.38885458008739393,-0.6349066535761441,-0.511880616831769
LOW TIDE,1972.02.12_-42.98_145.56,-0.29364753590788606,-0.29364753590788606,-0.29364753590788606
LOW TIDE,1972.02.20_-38.933_146.367,-0.5019114223278536,-0.9287512699320908,-0.7153313461299722
LOW TIDE,1972.04.01_-27.487_153.239,-0.8977888245900277,-0.9693383017940399,-0.9335635631920338
LOW TIDE,1972.06.26_-20.918_142.703,-1.4679673452848725,-1.4679673452848725,-1.4679673452848725
LOW TIDE,1972.10.21_-35.417_150.42,-0.6281388952769575,-0.6715400551996519,-0.6498394752383048
LOW TIDE,1972.12.08_-33.87_151.202,-0.4058879728424277,-0.5767581412167021,-0.4913230570295649
LOW TIDE,1972.12.22_-28.133_153.5,-0.7334600977839961,-0.7411041005208386,-0.7372820991524174
LOW TIDE,1973.08.25_-27.435_153.53,-0.6700354243371178,-0.6700354243371178,-0.6700354243371178
LOW TIDE,1973.08.27_-16.744_145.671,-0.904725965870193,-1.3046704019465405,-1.1046981839083667
LOW TIDE,1973.11.03_-17.563_139.448,-1.1911280921019667,-1.1911280921019667,-1.1911280921019667
LOW TIDE,1973.11.25_-31.896_115.958,-0.27692057660807,-0.27692057660807,-0.27692057660807
LOW TIDE,1974.09.01_-27.731_153.443,-0.6214130548424145,-0.6450632288714433,-0.6332381418569288
LOW TIDE,1974.12.10_-33.625_115.32,-0.32263869744432455,-0.32263869744432455,-0.32263869744432455
LOW TIDE,1975.02.07_-28.133_153.5,-0.42243164186937665,-0.5404373510433658,-0.4814344964563712
LOW TIDE,1975.02.09_-38.41_144.183,-0.151656688041643,-0.6887275990440458,-0.4201921435428444
LOW TIDE,1975.03.13_-27.96_153.425,-0.6135764092668214,-0.6579727291622565,-0.6357745692145389
LOW TIDE,1975.03.18_-16.517_139.406,-0.6220798173656803,-0.6220798173656803,-0.6220798173656803
LOW TIDE,1975.07.05_-31.045_115.353,-0.22489244594285449,-0.22489244594285449,-0.22489244594285449
LOW TIDE,1975.07.26_-26.65_153.1,-0.5767680901107802,-0.5846834819458352,-0.5807257860283077
LOW TIDE,1975.07.30_-43.358_147.363,-0.1558300080017087,-0.19505765397640035,-0.17544383098905453
LOW TIDE,1975.10.12_-28.8_153.583,-0.31729113163691935,-0.39020596647311373,-0.3537485490550165
LOW TIDE,1975.11.07_-27.435_153.53,-0.519614026872299,-0.6640678641625786,-0.5918409455174387
LOW TIDE,1975.11.19_-33.782_151.285,-0.49935346692933863,-0.6082557922548416,-0.5538046295920901
LOW TIDE,1975.12.02_-28.17_153.543,-0.6829489364237052,-0.7988810674289984,-0.7409150019263518
LOW TIDE,1975.12.29_-34.982_138.516,-0.21025190168190322,-0.4577717498646141,-0.33401182577325866
LOW TIDE,1976.06.01_-27.532_153.463,-0.5398226082185947,-0.5823877731907618,-0.5611051907046782
LOW TIDE,1976.11.26_-27.967_153.416,-0.4370945340513034,-0.5678660131702928,-0.5024802736107981
LOW TIDE,1976.12.29_-26.799_153.133,-0.50869237897756,-0.50869237897756,-0.50869237897756
LOW TIDE,1977.02.04_-38.347_144.728,-0.41531832002536617,-0.8372538581247815,-0.6262860890750739
LOW TIDE,1977.02.26_-28.273_153.581,-0.22281250098618133,-0.3630880335441039,-0.2929502672651426
LOW TIDE,1977.03.13_-27.087_153.415,-0.40510890095678687,-0.5157252532396109,-0.46041707709819885
LOW TIDE,1977.04.26_-28.149_153.418,-0.2923099645349636,-0.2923099645349636,-0.2923099645349636
LOW TIDE,1977.05.16_-27.974_153.418,-0.5347111925340793,-0.6559953094562277,-0.5953532509951536
LOW TIDE,1977.08.23_-26.386_153.092,-0.392395434780705,-0.392395434780705,-0.392395434780705
LOW TIDE,1978.09.02_-43.17_147.44,-0.09165945266113622,-0.36136445594350153,-0.22651195430231888
LOW TIDE,1978.12.29_-26.986_153.133,-0.7600524302429367,-0.9194146689145203,-0.8397335495787285
LOW TIDE,1979.09.14_-28.647_153.602,-0.3311507199700187,-0.3311507199700187,-0.3311507199700187
LOW TIDE,1981.02.07_-32.015_115.531,-0.04533021533582633,-0.22443297317311375,-0.13488159425447005
LOW TIDE,1981.02.16_-32.025_115.75,-0.31084585296244227,-0.31084585296244227,-0.31084585296244227
LOW TIDE,1981.12.13_-16.76_145.974,-0.5057000471967259,-1.2536063180225514,-0.8796531826096387
LOW TIDE,1982.02.28_-43.63_146.79,-0.10412348168009658,-0.11475573697423778,-0.10943960932716718
LOW TIDE,1982.03.07_-28.652_153.628,-0.6497559855650317,-0.67315974852355,-0.6614578670442908
LOW TIDE,1984.11.30_-21.063_149.188,-0.9024785328081041,-1.386773842888954,-1.144626187848529
LOW TIDE,1985.11.11_-23.842_151.25,-1.467357146403306,-1.767543177159675,-1.6174501617814905
LOW TIDE,1986.05.18_-33.833_151.28,-0.25853920820731996,-0.5367560407709394,-0.3976476244891297
LOW TIDE,1986.07.26_-32.006_115.507,-0.02370415205682251,-0.10203837941821209,-0.0628712657375173
LOW TIDE,1986.08.03_-33.833_151.28,-0.3464734820490629,-0.47513509514696695,-0.41080428859801493
LOW TIDE,1986.10.01_-12.189_96.829,-0.25745460010902665,-0.3197467896078457,-0.2886006948584362
LOW TIDE,1987.03.30_-33.887_121.842,-0.2527848495936538,-0.2647434889160348,-0.2587641692548443
LOW TIDE,1987.09.18_-35.05_138.517,-0.3533253177467553,-0.44182288720515533,-0.3975741024759553
LOW TIDE,1987.12.13_-35.081_150.489,-0.1727822885995291,-0.4646224618511121,-0.31870237522532063
LOW TIDE,1988.10.06_-36.121_144.753,-0.17046324137405414,-0.39423338986479967,-0.2823483156194269
LOW TIDE,1989.03.04_-18.086_122.283,-0.317931670616379,-0.7338170936752769,-0.5535237568795179
LOW TIDE,1989.08.06_-27.312_153.345,-0.6400805398918508,-0.8333050153732495,-0.7366927776325501
LOW TIDE,1989.10.22_-41.435_148.277,-0.1170320263667299,-0.49070197011198285,-0.30386699823935637
LOW TIDE,1989.10.29_-14.181_132.191,-1.5762960731078413,-2.544418742434263,-2.0603574077710523
LOW TIDE,1989.12.03_-12.333_136.817,-0.08832575659392207,-0.8408868413310411,-0.46460629896248157
LOW TIDE,1990.04.06_-28.2_153.567,-0.49445207736592145,-0.5895362462386745,-0.541994161802298
LOW TIDE,1990.04.07_-28.2_153.567,-0.5369838971956474,-0.6356089220004253,-0.5862964095980363
LOW TIDE,1990.04.09_-28.164_153.548,-0.577958516936913,-0.6792726981498916,-0.6286156075434023
LOW TIDE,1990.05.10_-16.484_145.461,-0.2251238978782043,-0.8601635916407057,-0.542643744759455
LOW TIDE,1990.10.25_-35.512_138.762,-0.012084433514363526,-0.3695856141038183,-0.1908350238090909
LOW TIDE,1990.10.27_-28.048_153.422,-0.2720506973884801,-0.4036556124967554,-0.33785315494261775
LOW TIDE,1990.11.28_-28.004_153.371,-0.36541804557203894,-0.6768139737484802,-0.5211160096602596
LOW TIDE,1991.01.09_-31.898_115.772,-0.20381074019923195,-0.20381074019923195,-0.20381074019923195
LOW TIDE,1991.01.19_-28.048_153.422,-0.5966745957195471,-0.613017434976476,-0.6048460153480115
LOW TIDE,1991.03.03_-34.596_150.902,-0.5706503469869384,-0.6040753693668728,-0.5873628581769056
LOW TIDE,1991.08.30_-27.47_153.025,-0.6693582615735136,-0.9457533684917767,-0.8075558150326452
LOW TIDE,1991.09.08_-35.271_138.444,-0.6011569477552765,-0.6011569477552765,-0.6011569477552765
LOW TIDE,1992.01.29_-28.179_153.537,-0.2759227676152653,-0.45354822556728763,-0.36473549659127646
LOW TIDE,1992.02.09_-42.989_147.522,-0.1521060475327885,-0.1925714959171549,-0.1723387717249717
LOW TIDE,1992.03.10_-38.283_144.6,-0.6836952676126574,-1.1531397495381392,-0.9184175085753983
LOW TIDE,1992.10.01_-27.027_153.451,-0.37556505905122783,-0.6168489826766184,-0.4962070208639231
LOW TIDE,1992.10.15_-33.63_151.33,-0.48963481608498194,-0.5613854920004507,-0.5255101540427163
LOW TIDE,1993.02.04_-26.682_153.118,-0.5251915532219291,-0.7487402257905502,-0.6369658895062397
LOW TIDE,1993.06.05_-40.942_146.985,-0.880813458236444,-1.547586949548422,-1.214200203892433
LOW TIDE,1993.06.09_-28.644_153.615,-0.42017363488851855,-0.5062634928226643,-0.4632185638555914
LOW TIDE,1993.08.14_-32.006_115.507,-0.2701122176838235,-0.2701122176838235,-0.2701122176838235
LOW TIDE,1993.11.21_-18.086_122.283,-1.4620496236028446,-2.181220058899249,-1.821634841251047
LOW TIDE,1994.01.09_-27.55_152.822,-0.8019577438047818,-0.8019577438047818,-0.8019577438047818
LOW TIDE,1994.01.12_-35.027_117.884,-0.10968206162370539,-0.34792862179708006,-0.22880534171039274
LOW TIDE,1994.12.09_-18.292_146.244,-0.4089466942810432,-0.6786392064048415,-0.5437929503429424
LOW TIDE,1995.03.21_-33.863_151.241,-0.5430743013098324,-0.6313366997873235,-0.5872055005485779
LOW TIDE,1995.04.09_-36.964_149.89,-0.21034452191444555,-0.4104859631634903,-0.3104152425389679
LOW TIDE,1995.09.11_-34.991_117.345,-0.11595243381138794,-0.13627176121905174,-0.12611209751521985
LOW TIDE,1995.10.11_-25.281_152.829,-1.0403079264282158,-1.2784448582655978,-1.159376392346907
LOW TIDE,1995.11.17_-23.126_150.974,-0.8665147463291341,-0.8665147463291341,-0.8665147463291341
LOW TIDE,1996.01.12_-34.485_150.9,-0.31851381786118166,-0.5263917711057204,-0.4224527944834511
LOW TIDE,1996.01.14_-35.051_117.693,-0.1252319528146295,-0.1252319528146295,-0.1252319528146295
LOW TIDE,1996.01.22_-20.918_142.703,-1.5328659578711914,-1.5328659578711914,-1.5328659578711914
LOW TIDE,1996.02.04_-31.518_159.065,-0.6667763612662717,-0.691103345413001,-0.6789398533396364
LOW TIDE,1996.02.26_-33.834_151.092,-0.3021842926443398,-0.3106177938405457,-0.30640104324244277
LOW TIDE,1996.03.05_-23.442_151.915,-1.0516218049145951,-1.0556656258328043,-1.0536437153736997
LOW TIDE,1996.04.25_-33.676_151.307,-0.20999762871895541,-0.4144319219442427,-0.3122147753315991
LOW TIDE,1996.05.24_-33.891_151.277,-0.22266519961179934,-0.4789041842551564,-0.3507846919334779
LOW TIDE,1996.06.06_-38.421_145.075,-0.7517437867994695,-1.2652800584850254,-1.0085119226422474
LOW TIDE,1996.12.29_-26.528_153.074,-0.4960242816326904,-0.5497805758550383,-0.5229024287438644
LOW TIDE,1997.01.01_-38.526_145.1,-0.8548273253119709,-0.8566343206494635,-0.8557308229807172
LOW TIDE,1997.01.20_-28.78_114.614,0.27146403097789795,-0.2720689761844642,-0.06254543838682156
LOW TIDE,1997.01.25_-20.282_149.039,-1.0842877786438874,-1.0842877786438874,-1.0842877786438874
LOW TIDE,1997.02.03_-33.864_151.158,-0.40881519899123064,-0.4413163478249996,-0.42506577340811513
LOW TIDE,1997.02.28_-20.352_148.957,-0.6291750088845713,-0.8424844861257479,-0.7358297475051596
LOW TIDE,1997.02.28_-28.021_153.362,-0.5045796038848439,-0.5045796038848439,-0.5045796038848439
LOW TIDE,1997.07.27_-26.648_153.103,-0.33933675421435144,-0.6314111251215317,-0.4853739396679416
LOW TIDE,1997.10.28_-32.014_115.763,-0.06468609940814618,-0.08914913506309473,-0.07691761723562046
LOW TIDE,1997.11.05_-33.993_151.175,-0.39656487682647,-0.5478233945804087,-0.4721941357034394
LOW TIDE,1997.11.09_-35.027_117.884,0.06686456405890111,-0.22925028108550882,-0.08119285851330385
LOW TIDE,1998.01.17_-35.512_138.719,-0.2636460892280137,-0.26892943441238787,-0.26628776182020075
LOW TIDE,1998.01.28_-33.613_151.33,-0.5958153983346034,-0.7715612536979721,-0.6836883260162878
LOW TIDE,1998.06.28_-35.33_136.118,-0.20326908347029016,-0.34562416505897614,-0.2744466242646332
LOW TIDE,1998.12.15_-35.512_138.719,-0.1301051358864368,-0.20794980622305653,-0.17622850418586103
LOW TIDE,1998.12.22_-35.512_138.719,-0.2092206768949293,-0.386753919664989,-0.2979872982799592
LOW TIDE,1999.02.23_-30.749_152.994,-0.41114717878913537,-0.5044130711118574,-0.45778012495049636
LOW TIDE,1999.05.29_-34.889_137.458,-0.29153436045987763,-0.34769546870032203,-0.31961491458009983
LOW TIDE,2000.03.02_-33.846_151.24,-0.3021817062419823,-0.4624446155176196,-0.38231316087980094
LOW TIDE,2000.03.09_-33.834_151.092,-0.5865302124372603,-0.6442590778826874,-0.6153946451599739
LOW TIDE,2000.03.10_-33.834_151.092,-0.562343898339589,-0.5870545910539547,-0.5746992446967718
LOW TIDE,2000.03.14_-33.497_151.411,-0.3677622942372653,-0.4699071123559194,-0.41883470329659234
LOW TIDE,2000.03.30_-27.963_153.426,-0.357606296010902,-0.389657176822617,-0.3736317364167595
LOW TIDE,2000.09.18_-34.428_150.893,-0.5007803356441443,-0.5557161626444329,-0.5282482491442886
LOW TIDE,2000.09.25_-34.611_137.877,-0.35039671015292756,-0.9045065519202619,-0.6274516310365947
LOW TIDE,2000.10.29_-27.501_153.348,-0.9532095335479378,-1.1263883732023936,-1.0397989533751657
LOW TIDE,2000.11.06_-32.014_115.763,0.07671376978925552,-0.14672781070233823,-0.03500702045654135
LOW TIDE,2000.11.20_-32.131_133.682,0.01990430867261805,-0.284670807020491,-0.13238324917393648
LOW TIDE,2000.11.21_-18.616_146.497,-0.8430071016929647,-1.1650668678599974,-1.004036984776481
LOW TIDE,2000.12.03_-23.44_152.04,-0.3915105904924123,-0.49599262284839923,-0.4437516066704058
LOW TIDE,2000.12.11_-34.497_137.483,-0.3130646347439283,-0.4321028573655618,-0.3725837460547451
LOW TIDE,2000.12.24_-21.018_144.434,-0.6773628644567141,-1.1984326892938804,-0.9378977768752972
LOW TIDE,2001.01.21_-34.928_138.601,-0.3004827380355678,-0.49479181361779895,-0.3976372758266834
LOW TIDE,2001.01.24_-30.884_153.04,-0.5802762302853083,-0.5802762302853083,-0.5802762302853083
LOW TIDE,2001.02.04_-29.643_153.307,-0.4257608179253966,-0.5734065881799351,-0.49958370305266586
LOW TIDE,2001.02.26_-35.027_117.884,-0.1521576460463179,-0.22054349783957536,-0.18635057194294663
LOW TIDE,2001.04.02_-30.642_152.998,-0.3874358526511465,-0.46123980460474917,-0.42433782862794783
LOW TIDE,2001.04.08_-33.905_151.261,-0.6879242298976337,-0.7493453866354426,-0.7186348082665381
LOW TIDE,2001.05.04_-33.269_151.556,-0.6948562762400349,-0.6948562762400349,-0.6948562762400349
LOW TIDE,2001.06.09_-31.555_159.082,-0.5585751134735765,-0.5882382211018289,-0.5734066672877027
LOW TIDE,2001.09.30_-27.312_153.345,-0.8238660647001564,-0.8329503058078834,-0.8284081852540199
LOW TIDE,2001.10.02_-20.918_142.703,-0.490979219023033,-0.490979219023033,-0.490979219023033
LOW TIDE,2001.11.23_-28.842_153.602,-0.23660462894230672,-0.43869873779290863,-0.33765168336760765
LOW TIDE,2001.12.21_-31.951_115.86,-0.18155573336018366,-0.18155573336018366,-0.18155573336018366
LOW TIDE,2002.01.30_-32.75_152.163,-0.6666444578338298,-0.8458294958786415,-0.7562369768562356
LOW TIDE,2002.01.30_-33.306_115.788,-0.0805074057614534,-0.35964418734452636,-0.22007579655298987
LOW TIDE,2002.02.07_-33.834_151.092,-0.4131323518232353,-0.4131323518232353,-0.4131323518232353
LOW TIDE,2002.02.16_-26.407_153.105,-0.5455728095171751,-0.5540194110320606,-0.5497961102746178
LOW TIDE,2002.04.12_-32.94_151.768,-0.5174886727270352,-0.5986111047931737,-0.5580498887601044
LOW TIDE,2002.04.21_-31.433_152.9,-0.3297015105256844,-0.4982140158431006,-0.4139577631843925
LOW TIDE,2002.04.30_-32.373_133.936,-0.3522529207576374,-0.6549307850653345,-0.503591852911486
LOW TIDE,2002.05.07_-12.463_130.846,-0.9942312864623869,-1.1255715113989684,-1.0599013989306776
LOW TIDE,2002.06.20_-26.407_153.105,-0.4359356960009438,-0.7501822790770755,-0.5930589875390097
LOW TIDE,2002.12.16_-28.077_153.437,-0.3768432968354793,-0.3768432968354793,-0.3768432968354793
LOW TIDE,2002.12.20_-26.823_153.118,-0.5481359963239902,-0.7210669866270937,-0.634601491475542
LOW TIDE,2002.12.21_44.954_-93.09,-2.1371102034558063,-2.42179248996255,-2.279451346709178
LOW TIDE,2002.12.29_-16.672_145.933,-0.39728155081569116,-0.39728155081569116,-0.39728155081569116
LOW TIDE,2003.01.02_-33.892_135.189,-0.34933507325205826,-0.38264512301730086,-0.36599009813467953
LOW TIDE,2003.02.08_-28.088_153.441,-0.2615588541318224,-0.4474337661853885,-0.35449631015860544
LOW TIDE,2003.02.11_-33.92_151.25,-0.2735607374838858,-0.2852064990824047,-0.2793836182831453
LOW TIDE,2003.02.15_-35.5_138.5,-0.16599634705264224,-0.37468396232090223,-0.2797528258973751
LOW TIDE,2003.07.26_-12.182_136.782,-0.12049204214995146,-0.7115685516912474,-0.41603029692059945
LOW TIDE,2003.10.31_-32.444_152.528,-0.3503241045913828,-0.536370173530516,-0.44334713906094936
LOW TIDE,2003.11.01_-32.435_152.526,-0.2807707160660865,-0.5208639675329444,-0.40081734179951545
LOW TIDE,2003.11.30_-33.961_115.077,-0.2558828421156212,-0.2558828421156212,-0.2558828421156212
LOW TIDE,2003.12.08_-38.271_144.559,-0.21096716527461168,-0.8441431461658021,-0.527555155720207
LOW TIDE,2004.01.12_-34.597_150.9,-0.3694305368025525,-0.6183653013642479,-0.4938979190834002
LOW TIDE,2004.01.25_-33.136_115.721,0.17687657238123006,-0.20898799196542,-0.07377837204643212
LOW TIDE,2004.02.11_-33.106_151.645,-0.47666905124809433,-0.6155673675897357,-0.546118209418915
LOW TIDE,2004.02.16_-28.179_153.537,-0.4376829576218162,-0.5603295414317184,-0.4990062495267673
LOW TIDE,2004.02.21_-31.967_152.583,-0.6446062828023726,-0.7468937603272805,-0.6957500215648266
LOW TIDE,2004.03.06_34.52_-105.87,-2.255612789692183,-2.792054100444302,-2.5238334450682425
LOW TIDE,2004.04.26_-32.181_152.512,-0.2390023577384035,-0.3903114655261787,-0.3146569116322911
LOW TIDE,2004.06.10_-33.321_115.638,0.1062677479034111,-0.18233393062877423,-0.037157207199837956
LOW TIDE,2004.06.26_-31.929_115.755,0.033046243868747924,-0.099986011346105,-0.03346988373867854
LOW TIDE,2004.07.10_-33.875_114.986,-0.1627191772330129,-0.1627191772330129,-0.1627191772330129
LOW TIDE,2004.07.19_-31.874_115.753,-0.2437236366856317,-0.2437236366856317,-0.2437236366856317
LOW TIDE,2004.08.03_-28.647_153.602,-0.6756296162065611,-0.7426396071066069,-0.709134611656584
LOW TIDE,2004.09.25_-16.416_145.771,-0.8102426318855773,-1.1239294735951832,-0.9670860527403803
LOW TIDE,2004.10.21_-32.805_151.961,-0.2933911631468162,-0.536524085341442,-0.4149576242441291
LOW TIDE,2004.12.11_-16.21_145.881,-0.4930747084917831,-1.233069252299699,-0.8630719803957411
LOW TIDE,2004.12.16_-34.945_138.504,-0.6057638933579201,-0.6772129528733118,-0.6414884231156159
LOW TIDE,2005.01.14_-38.36_144.769,-0.670980034963698,-1.2273243104614278,-0.9491521727125629
LOW TIDE,2005.01.19_-38.173_144.873,-0.41803625464896327,-0.41803625464896327,-0.41803625464896327
LOW TIDE,2005.02.26_-26.895_152.319,-0.6605055728746378,-0.6698495932772881,-0.665177583075963
LOW TIDE,2005.04.16_-12.111_136.811,-0.203139268157116,-0.911650990602895,-0.5573951293800055
LOW TIDE,2005.04.16_-33.905_151.261,-0.162712949641061,-0.3673582260779021,-0.26503558785948156
LOW TIDE,2005.04.17_-34.921_150.723,-0.14713734123467515,-0.3870113777613245,-0.26707435949799985
LOW TIDE,2005.04.25_-36.443_150.061,-0.5085110532030421,-0.6158014094024777,-0.5621562313027599
LOW TIDE,2005.05.15_-19.259_146.817,-0.35530078042145846,-0.5185341216555659,-0.4369174510385122
LOW TIDE,2005.08.24_-34.982_138.516,-0.6974238145644235,-0.8232193267852587,-0.7603215706748411
LOW TIDE,2005.09.04_-34.914_135.686,-0.3764092898164418,-0.3818211690822672,-0.3791152294493545
LOW TIDE,2005.09.07_-30.29_153.119,-0.4878055991098657,-0.6264798553901961,-0.5571427272500309
LOW TIDE,2005.09.24_-35.775_137.214,-0.07786169013862526,-0.3658750806504331,-0.2218683853945292
LOW TIDE,2005.09.27_-33.981_151.243,-0.18852142312211229,-0.4097805633825909,-0.2991509932523516
LOW TIDE,2005.11.25_-37.835_144.96,-0.33598887644155473,-0.49421772432812383,-0.4151033003848393
LOW TIDE,2005.11.25_-38.474_145.022,-0.5871942460950105,-0.5871942460950105,-0.5871942460950105
LOW TIDE,2005.12.05_-34.58_138.482,-0.8061779374845782,-1.0076094561417759,-0.9068936968131771
LOW TIDE,2005.12.11_-16.101_145.838,-0.4041866859571429,-0.9311486896139519,-0.6676676877855474
LOW TIDE,2006.01.07_-27.397_153.454,-0.5142282174822946,-0.8183960993761819,-0.6663121584292382
LOW TIDE,2006.01.15_-31.934_115.764,-0.30065060566832924,-0.30065060566832924,-0.30065060566832924
LOW TIDE,2006.02.12_-25.257_152.818,-1.0900639458072205,-1.2074897251368732,-1.148776835472047
LOW TIDE,2006.02.12_-35.024_138.517,-0.8451493920489315,-0.8451493920489315,-0.8451493920489315
LOW TIDE,2006.02.13_-26.799_153.133,-0.6002528593537535,-0.7066401067787349,-0.6534464830662442
LOW TIDE,2006.03.15_-33.892_151.261,-0.4943703927075447,-0.6043962148111834,-0.5493833037593641
LOW TIDE,2006.04.11_-32.931_151.786,-0.41025809084645887,-0.5775122870562974,-0.4938851889513781
LOW TIDE,2006.05.02_-26.791_153.139,-0.4327829951873441,-0.5142487602788132,-0.4735158777330786
LOW TIDE,2006.06.05_-35.6_138.496,0.09775892990509517,-0.132068616792514,-0.03392636350507732
LOW TIDE,2006.08.29_-35.848_137.751,-0.23888757512310263,-0.4058263907636716,-0.3223569829433871
LOW TIDE,2006.12.18_-38.368_144.285,-0.10504927480600759,-0.7580923363363617,-0.43157080557118466
LOW TIDE,2007.01.09_-32.387_152.523,-0.31093608129154443,-0.5178251852505927,-0.41438063327106855
LOW TIDE,2007.01.19_-28.556_153.544,-0.6614647411895519,-0.6982845668120052,-0.6798746540007785
LOW TIDE,2007.01.23_-37.502_149.978,-0.420746185349966,-0.6768608380770743,-0.5488035117135202
LOW TIDE,2007.02.03_-33.37_151.486,-0.49046669254849073,-0.6470628796302893,-0.5687647860893901
LOW TIDE,2007.03.12_-24.85_152.351,-0.24894453093843621,-0.46667301492679103,-0.3578087729326136
LOW TIDE,2007.03.20_-28.498_153.547,-0.8145983943817744,-0.8702571999477757,-0.8424277971647751
LOW TIDE,2007.04.26_-16.517_139.406,-1.1811261456946034,-1.1811261456946034,-1.1811261456946034
LOW TIDE,2007.05.08_-28.252_153.575,-0.39216356258065627,-0.4045007416034175,-0.3983321520920369
LOW TIDE,2007.05.12_-38.369_142.498,-0.16432166396012393,-0.16432166396012393,-0.16432166396012393
LOW TIDE,2007.06.05_-33.37_151.486,-0.3468801798660286,-0.5956070567686996,-0.4712436183173641
LOW TIDE,2007.07.19_-12.089_96.884,-0.26088414604174287,-0.3640978932540942,-0.31249101964791853
LOW TIDE,2007.10.13_-10.601_142.231,-0.4217403922424558,-0.4217403922424558,-0.4217403922424558
LOW TIDE,2007.10.15_-28.647_153.602,-0.4101092787703514,-0.5418209425429307,-0.47596511065664104
LOW TIDE,2007.11.08_-28.636_153.634,-0.5048181839759335,-0.6377807146394208,-0.5712994493076771
LOW TIDE,2007.11.18_-20.673_117.147,-0.46086865037123625,-1.027901603163948,-0.7443851267675922
LOW TIDE,2007.12.14_-33.892_151.261,-0.3501346314333345,-0.586415844940064,-0.46827523818669925
LOW TIDE,2007.12.15_-27.834_153.421,-0.4631830853232971,-0.5203892703457533,-0.4917861778345252
LOW TIDE,2007.12.18_-32.679_152.176,-0.3138982595696637,-0.5822049391174264,-0.4480515993435451
LOW TIDE,2008.01.27_-28.167_153.533,-0.46708423272884453,-0.5658681319553058,-0.5164761823420752
LOW TIDE,2008.02.07_-36.406_150.075,-0.4286130152556945,-0.6773883083535832,-0.5530006618046388
LOW TIDE,2008.04.08_-28.873_153.59,-0.7419303619354928,-0.7718293761259639,-0.7568798690307283
LOW TIDE,2008.04.17_-28.168_153.552,-0.6430454984203565,-0.6430454984203565,-0.6430454984203565
LOW TIDE,2008.04.20_-31.186_152.913,-0.5593011940698268,-0.6130075679282903,-0.5861543809990586
LOW TIDE,2008.05.10_-35.027_117.884,-0.3608820486668386,-0.3608820486668386,-0.3608820486668386
LOW TIDE,2008.07.30_-37.471_144.785,-0.09280124470191695,-0.6125824317079577,-0.3526918382049373
LOW TIDE,2008.08.30_-28.652_153.628,-0.7224373943872237,-0.7262593235308412,-0.7243483589590325
LOW TIDE,2008.09.07_-28.64_153.627,-0.21139070871207247,-0.3890503661776745,-0.3002205374448735
LOW TIDE,2008.09.15_-11.176_132.531,-0.5290077800904467,-0.638310134129897,-0.5836589571101718
LOW TIDE,2008.10.11_-33.031_151.56,-0.3555180537920313,-0.5234184211018473,-0.4394682374469393
LOW TIDE,2008.10.12_-12.463_130.846,-1.715611975836823,-1.8564347625673037,-1.7860233692020633
LOW TIDE,2008.10.22_-33.795_151.285,-0.28870276670329037,-0.5544728316526051,-0.42158779917794775
LOW TIDE,2008.11.09_-34.786_138.494,-0.2782505155125394,-0.5036390479996525,-0.3909447817560959
LOW TIDE,2008.12.06_-37.141_150.005,-0.19767433904031298,-0.49587986571170906,-0.346777102376011
LOW TIDE,2008.12.27_-32.352_115.742,-0.3037164183842071,-0.3037164183842071,-0.3037164183842071
LOW TIDE,2008.12.27_-32.435_152.526,-0.4661984648095693,-0.571744252232883,-0.5189713585212261
LOW TIDE,2008.12.27_-33.746_151.304,-0.40248212931587796,-0.5676620254210718,-0.4850720773684749
LOW TIDE,2008.12.27_-42.318_148.282,-0.056759411138599135,-0.488084439318144,-0.27242192522837155
LOW TIDE,2009.01.11_-28.2_153.567,-0.7622320752758164,-0.8197817357649079,-0.7910069055203621
LOW TIDE,2009.01.11_-41.249_148.293,-0.298700071448382,-0.776712796235212,-0.5377064338417971
LOW TIDE,2009.01.12_-34.527_150.874,-0.596643126178055,-0.8371161244787152,-0.7168796253283851
LOW TIDE,2009.01.18_-38.333_142.354,-0.033200010956286385,-0.3702986465053312,-0.20174932873080878
LOW TIDE,2009.01.24_-35.76_150.205,-0.3173974473974054,-0.5221044355716843,-0.41975094148454484
LOW TIDE,2009.02.07_-29.689_153.313,-0.5956553507125311,-0.6502647638082534,-0.6229600572603922
LOW TIDE,2009.02.07_-32.379_152.529,-0.5900577292044379,-0.6783649941259814,-0.6342113616652096
LOW TIDE,2009.02.11_-33.864_151.217,-0.641241050150383,-0.7781122662259046,-0.7096766581881437
LOW TIDE,2009.02.12_-33.891_151.277,-0.6001631800823117,-0.705175033520207,-0.6526691068012593
LOW TIDE,2009.02.18_-31.454_152.931,-0.24227468438556776,-0.2979996494219167,-0.27013716690374223
LOW TIDE,2009.02.22_-16.416_145.771,-0.5525251592187679,-0.9505726858999018,-0.7515489225593348
LOW TIDE,2009.03.01_-33.63_151.33,-0.5329167183495332,-0.5553900887351083,-0.5441534035423208
LOW TIDE,2009.03.16_-32.006_115.507,-0.18380330818754947,-0.18380330818754947,-0.18380330818754947
LOW TIDE,2009.03.19_-35.714_150.179,-0.17036928024679995,-0.3260022698066575,-0.24818577502672873
LOW TIDE,2009.03.19_-35.845_150.169,-0.1693148170376672,-0.3273046732345101,-0.24830974513608867
LOW TIDE,2009.03.20_-33.353_151.501,-0.20411053755542183,-0.3409227671848469,-0.27251665237013434
LOW TIDE,2009.04.12_-32.75_152.163,-0.4920187683221059,-0.5829244626338795,-0.5374716154779927
LOW TIDE,2009.06.27_-34.77_150.813,-0.4200696330391846,-0.7431111396279868,-0.5815903863335857
LOW TIDE,2009.07.30_-28.726_153.598,-0.24219629465012593,-0.46975909758625783,-0.35597769611819186
LOW TIDE,2009.10.28_-28.8_153.583,-0.2754763728222954,-0.2754763728222954,-0.2754763728222954
LOW TIDE,2009.10.30_-38.361_141.604,-0.0498367383891224,-0.17960270932854522,-0.1147197238588338
LOW TIDE,2009.11.08_-35.537_138.232,-0.4399727697475174,-0.46956114529757337,-0.45476695752254537
LOW TIDE,2009.12.12_-32.674_152.186,-0.4168771851328706,-0.4168771851328706,-0.4168771851328706
LOW TIDE,2009.12.13_-33.859_151.278,-0.48604633096266325,-0.48604633096266325,-0.48604633096266325
LOW TIDE,2009.12.20_-26.615_153.114,-0.4823424561367497,-0.6023283551263516,-0.5423354056315507
LOW TIDE,2009.12.26_-33.465_151.435,-0.24820055275566294,-0.4366192112089738,-0.34240988198231836
LOW TIDE,2010.01.09_-10.58_142.219,-0.7818289585964785,-0.8028735812940403,-0.7923512699452594
LOW TIDE,2010.01.22_-38.15_144.362,-0.32748814942493665,-0.41459823678945573,-0.3710431931071962
LOW TIDE,2010.01.27_-20.918_142.703,-1.4400346334953151,-1.4400346334953151,-1.4400346334953151
LOW TIDE,2010.02.06_-29.43_153.363,-0.2966974586341482,-0.45350634411245716,-0.3751019013733027
LOW TIDE,2010.02.11_-33.68_151.314,-0.35129126584807174,-0.5167737912126233,-0.43403252853034757
LOW TIDE,2010.02.13_-20.35_148.932,-1.3984554991869311,-1.5446646862260618,-1.4715600927064965
LOW TIDE,2010.05.18_-31.315_152.977,-0.484354046849089,-0.6360068840615497,-0.5601804654553193
LOW TIDE,2010.06.06_-35.017_116.862,-0.0691012209255247,-0.08278160312364924,-0.07594141202458697
LOW TIDE,2010.08.08_-31.186_152.913,-0.6067485536778696,-0.6145041844594578,-0.6106263690686637
LOW TIDE,2010.08.10_-19.209_146.768,-1.1471647141162082,-1.615979360337491,-1.3815720372268496
LOW TIDE,2010.08.17_-33.861_114.986,-0.3035366507875516,-0.3035366507875516,-0.3035366507875516
LOW TIDE,2010.09.13_-31.253_146.921,-0.49014130308287535,-0.49014130308287535,-0.49014130308287535
LOW TIDE,2010.10.09_-30.081_153.196,-0.7537696161711172,-0.8244369195205669,-0.7891032678458421
LOW TIDE,2010.10.23_-30.828_115.188,-0.044852426775545094,-0.21423501536170106,-0.12954372106862308
LOW TIDE,2010.11.12_-32.204_115.678,-0.1694735809114138,-0.1694735809114138,-0.1694735809114138
LOW TIDE,2011.01.03_-33.653_115.345,-0.3888882771208095,-0.3888882771208095,-0.3888882771208095
LOW TIDE,2011.01.20_-28.277_153.573,-0.7513544004459306,-0.7815036872105712,-0.7664290438282508
LOW TIDE,2011.02.12_-21.931_114.124,-0.31048577875806493,-0.34270992393109234,-0.32659785134457864
LOW TIDE,2011.02.13_-26.407_153.105,-0.24921151273095266,-0.48913173695888773,-0.36917162484492017
LOW TIDE,2011.02.17_-34.727_135.158,-0.3627415493508187,-0.37103690442811127,-0.366889226889465
LOW TIDE,2011.02.28_-20.918_142.703,-1.3961514375999282,-1.3961514375999282,-1.3961514375999282
LOW TIDE,2011.03.10_-28.652_153.628,-0.38671067633013556,-0.49159758669991666,-0.43915413151502614
LOW TIDE,2011.03.16_-32.679_152.176,-0.6056621825597888,-0.6056621825597888,-0.6056621825597888
LOW TIDE,2011.03.23_-31.844_152.727,-0.6220221895421346,-0.6888213562705429,-0.6554217729063387
LOW TIDE,2011.08.28_-18.693_146.52,-1.462591632284083,-1.462591632284083,-1.462591632284083
LOW TIDE,2011.09.04_-33.543_115.039,-0.26756798443999447,-0.26756798443999447,-0.26756798443999447
LOW TIDE,2011.10.09_-31.994_115.751,-0.04899823270501352,-0.08670518166375112,-0.06785170718438233
LOW TIDE,2011.10.19_-37.89_144.985,-0.1798335733851116,-0.5433748160432275,-0.36160419471416955
LOW TIDE,2011.10.22_-32.006_115.507,-0.15837481769392053,-0.15837481769392053,-0.15837481769392053
LOW TIDE,2011.11.28_-26.481_153.096,-0.6104713867056181,-0.7746850885144403,-0.6925782376100291
LOW TIDE,2011.12.02_-28.726_153.598,-0.2829162591634653,-0.4874034800945975,-0.38515986962903137
LOW TIDE,2011.12.07_-33.95_151.244,-0.42427215036889343,-0.42509734155281054,-0.424684745960852
LOW TIDE,2011.12.11_-29.479_153.359,-0.6026366756038282,-0.6094832689347234,-0.6060599722692758
LOW TIDE,2012.01.02_-28.317_153.533,-0.1873815237208143,-0.4665115804004223,-0.3269465520606183
LOW TIDE,2012.01.03_-33.461_151.438,-0.24106763891801855,-0.3717301868993651,-0.3063989129086918
LOW TIDE,2012.01.18_-33.02_151.709,-0.41494585317468574,-0.4837670978009325,-0.4493564754878091
LOW TIDE,2012.02.06_-26.757_153.126,-0.5948430467667986,-0.6838574696156793,-0.6393502581912389
LOW TIDE,2012.02.25_-32.616_152.314,-0.5106717239794065,-0.5696136644357404,-0.5401426942075734
LOW TIDE,2012.03.06_-37.821_144.958,-0.16605514481871728,-0.46624925365091663,-0.31615219923481697
LOW TIDE,2012.03.20_-28.053_153.441,-0.5658175483977859,-0.6405283682022983,-0.603172958300042
LOW TIDE,2012.03.22_-27.71_114.165,-0.09540506539232145,-0.12041384070572615,-0.1040080379078862
LOW TIDE,2012.03.31_-33.467_115.56,0.16579661117380104,-0.2358745230493111,-0.03503895593775504
LOW TIDE,2012.04.11_-35.237_136.897,-0.04420645522488172,-0.4416189166077444,-0.24291268591631304
LOW TIDE,2012.06.03_-33.02_151.709,-0.6659267872432154,-0.7085713320484567,-0.687249059645836
LOW TIDE,2012.06.12_-38.619_142.996,-0.19780676058913246,-0.26222869639446467,-0.23001772849179858
LOW TIDE,2012.06.20_-31.779_115.733,-0.24932690707070249,-0.24932690707070249,-0.24932690707070249
LOW TIDE,2012.06.22_-43.63_146.79,-0.37177510897297567,-0.37177510897297567,-0.37177510897297567
LOW TIDE,2012.07.07_-38.283_144.6,-0.7543146662743306,-1.1558503449033484,-0.9550825055888394
LOW TIDE,2012.07.14_-30.828_115.188,-0.21295240049544908,-0.21295240049544908,-0.21295240049544908
LOW TIDE,2012.07.31_-32.797_134.211,-0.49506230010957003,-0.5104926273352505,-0.5027774637224103
LOW TIDE,2012.08.11_-31.76_115.733,-0.19065484228671215,-0.19065484228671215,-0.19065484228671215
LOW TIDE,2012.10.02_-31.779_115.733,-0.07360813717856807,-0.15626545892551616,-0.11493679805204211
LOW TIDE,2012.11.27_-26.682_153.118,-0.5186913775046059,-0.6966669723124729,-0.6076791749085394
LOW TIDE,2012.12.02_-35.272_150.516,-0.3512231944661335,-0.5554761866449536,-0.4533496905555435
LOW TIDE,2012.12.19_-31.878_115.752,-0.12389661279160755,-0.12389661279160755,-0.12389661279160755
LOW TIDE,2012.12.28_-31.735_152.792,-0.5289936385680523,-0.5922455232479108,-0.5606195809079815
LOW TIDE,2012.12.30_-33.746_151.304,-0.45599900118105996,-0.6200325865023306,-0.5380157938416953
LOW TIDE,2013.01.05_-20.385_116.876,-0.9503006946691025,-1.1947468010340854,-1.0725237478515939
LOW TIDE,2013.01.21_-26.807_153.132,-0.22250892759743846,-0.49699238870796925,-0.35975065815270385
LOW TIDE,2013.01.25_-26.365_152.968,-0.5241505316350739,-0.6502811327237719,-0.5872158321794229
LOW TIDE,2013.01.26_-38.385_141.565,-0.13159603378527074,-0.3248777662545964,-0.22823690001993358
LOW TIDE,2013.03.10_-28.802_114.619,-0.034762384740830876,-0.24917992829492733,-0.10900285957451378
LOW TIDE,2013.04.02_-31.951_115.86,-0.22168059367817877,-0.22168059367817877,-0.22168059367817877
LOW TIDE,2013.04.21_-31.844_152.727,-0.3642128809382355,-0.5134967107170663,-0.43885479582765086
LOW TIDE,2013.04.28_-30.157_153.15,-0.7039858645404155,-0.759997755690447,-0.7319918101154312
LOW TIDE,2013.06.06_-35.071_150.783,-0.42993579519138836,-0.47246395804871694,-0.4511998766200527
LOW TIDE,2013.07.02_-38.474_145.022,-0.6557836831912339,-0.6557836831912339,-0.6557836831912339
LOW TIDE,2013.08.25_-31.253_146.921,-0.459183778022516,-0.5159798383965192,-0.4875818082095176
LOW TIDE,2013.10.24_-33.71_151.303,-0.3469741705654224,-0.44146348026398147,-0.39421882541470193
LOW TIDE,2013.10.26_-31.812_115.709,-0.13739312065184606,-0.14129744565377597,-0.13934528315281103
LOW TIDE,2013.10.28_-22.096_113.889,-0.01031855855033003,-0.26840435742124336,-0.1393614579857867
LOW TIDE,2013.11.12_-31.878_115.752,-0.00560126030539422,-0.08322806835774464,-0.04441466433156943
LOW TIDE,2013.11.23_-33.864_114.988,-0.19503008738133765,-0.19503008738133765,-0.19503008738133765
LOW TIDE,2013.11.30_-30.238_153.152,-0.5077954859620735,-0.6218346305661485,-0.5648150582641109
LOW TIDE,2013.12.05_-31.454_152.931,-0.7092230690973662,-0.7970375074381626,-0.7531302882677644
LOW TIDE,2014.01.26_-33.529_151.308,-0.40055960713267136,-0.46207999556530904,-0.4313198013489902
LOW TIDE,2014.02.08_-35.152_137.685,-0.09164047941868773,-0.4401878996547647,-0.2659141895367262
LOW TIDE,2014.03.12_-31.479_152.93,-0.4492346345577744,-0.4492346345577744,-0.4492346345577744
LOW TIDE,2014.03.18_-28.8_153.583,-0.6362310102819864,-0.6838138638221702,-0.6600224370520783
LOW TIDE,2014.03.18_-38.368_144.285,-0.6546475151033467,-0.6931081575751727,-0.6738778363392597
LOW TIDE,2014.03.29_-32.607_115.64,-0.09900402379792936,-0.163135185060437,-0.1310696044291832
LOW TIDE,2014.04.03_-36.736_149.967,-0.4181016112328258,-0.566347322571812,-0.4922244669023189
LOW TIDE,2014.05.14_-34.333_135.75,-0.429731207004026,-0.5155338308645487,-0.47263251893428737
LOW TIDE,2014.05.22_-32.771_151.999,-0.36326724784924264,-0.6183128136556192,-0.4907900307524309
LOW TIDE,2014.05.27_-27.997_153.42,-0.5555433379267447,-0.717617099072341,-0.6365802184995428
LOW TIDE,2014.06.01_-34.77_150.813,-0.343735058723206,-0.5696856708226835,-0.45671036477294474
LOW TIDE,2014.06.09_-35.631_138.467,0.09917436538549451,-0.19670477919264298,-0.0929535241306946
LOW TIDE,2014.06.17_-17.947_122.231,-3.38520757070591,-3.783089658785649,-3.5841486147457795
LOW TIDE,2014.06.18_-35.514_138.708,-0.16718906755412147,-0.26228551137522566,-0.22949224286597994
LOW TIDE,2014.09.09_-28.64_153.627,-0.8339157519855688,-0.8604981646284546,-0.8472069583070116
LOW TIDE,2014.10.02_-33.836_121.984,-0.23558501228195977,-0.23558501228195977,-0.23558501228195977
LOW TIDE,2014.10.11_-33.584_115.09,-0.10453377001192826,-0.18986416731578398,-0.15588156966633246
LOW TIDE,2014.10.17_-33.465_151.435,-0.21949390983912398,-0.4143517309164469,-0.3169228203777854
LOW TIDE,2014.10.30_-31.992_152.559,-0.3981116755401949,-0.5508997940796937,-0.4745057348099443
LOW TIDE,2014.11.10_-30.19_153.15,-0.5668812775201679,-0.5850995278834218,-0.5759904027017948
LOW TIDE,2014.11.19_-32.052_115.755,-0.06026479904645031,-0.1264274290891864,-0.09334611406781834
LOW TIDE,2014.11.29_-32.604_115.63,0.07905073590211946,-0.15989880655900984,-0.04042403532844519
LOW TIDE,2014.12.15_-16.191_145.699,-0.12322100536491921,-0.12322100536491921,-0.12322100536491921
LOW TIDE,2014.12.28_-38.199_147.403,-0.09285198945774258,-0.3799491678931365,-0.23640057867543954
LOW TIDE,2014.12.29_-35.164_150.65,-0.36067510820220255,-0.5524260422876073,-0.45655057524490494
LOW TIDE,2015.01.16_-35.32_150.476,-0.3696901012089981,-0.3696901012089981,-0.3696901012089981
LOW TIDE,2015.01.17_-33.052_151.668,-0.4782043129538484,-0.4782043129538484,-0.4782043129538484
LOW TIDE,2015.01.24_-35.234_150.53,-0.5669846520527194,-0.733254327924601,-0.6501194899886602
LOW TIDE,2015.01.30_-27.989_153.426,-0.3695934045577936,-0.5516134725505832,-0.4606034385541884
LOW TIDE,2015.02.05_-32.947_151.76,-0.5191622015369158,-0.6223127872703339,-0.5707374944036249
LOW TIDE,2015.02.08_-28.719_153.612,-0.4985553061714948,-0.5594869094446734,-0.5290211078080841
LOW TIDE,2015.02.09_-33.37_151.486,-0.3893460161071027,-0.5054051328018584,-0.4473755744544805
LOW TIDE,2015.03.11_-28.644_153.615,-0.4085856376611711,-0.4987368300211425,-0.4536612338411568
LOW TIDE,2015.04.11_-35.804_150.226,-0.2933892323981145,-0.4870014969821764,-0.39019536469014543
LOW TIDE,2015.04.24_-28.634_153.6,-0.39392652759077484,-0.45603365855950834,-0.4249800930751416
LOW TIDE,2015.04.25_-34.914_135.686,-0.05516340030457823,-0.3509942505416939,-0.20307882542313607
LOW TIDE,2015.05.03_-32.011_152.563,-0.5508282745729118,-0.5943210480425745,-0.5725746613077431
LOW TIDE,2015.06.24_-34.962_117.351,-0.10645056238177494,-0.10645056238177494,-0.10645056238177494
LOW TIDE,2015.06.25_-32.006_115.507,-0.09514578758125829,-0.09514578758125829,-0.09514578758125829
LOW TIDE,2015.06.30_-29.437_153.365,-0.5145535032348486,-0.6251941248754217,-0.5698738140551352
LOW TIDE,2015.07.02_-28.854_153.587,-0.6544050706489146,-0.719490745974061,-0.6869479083114878
LOW TIDE,2015.07.03_-28.8_153.583,-0.7055188440939548,-0.7290035978896914,-0.7172612209918231
LOW TIDE,2015.07.23_-38.251_141.806,-0.15094536188374594,-0.2359285637514638,-0.19343696281760486
LOW TIDE,2015.07.25_-42.643_147.978,-0.22451891309697908,-0.2524787896717473,-0.2384988513843632
LOW TIDE,2015.07.31_-29.109_153.422,-0.7260802268248137,-0.7592839669206296,-0.7426820968727217
LOW TIDE,2015.08.22_-31.479_152.93,-0.2692931234158872,-0.4353658503621917,-0.3523294868890394
LOW TIDE,2015.09.04_-32.068_152.515,-0.4684857938948385,-0.5876513226299467,-0.5280685582623926
LOW TIDE,2015.09.08_-33.37_151.486,-0.3490449759463427,-0.3490449759463427,-0.3490449759463427
LOW TIDE,2015.09.26_-17.229_146.094,-0.9910216277210498,-1.1783971886699562,-1.084709408195503
LOW TIDE,2015.10.07_-32.604_115.63,0.07644898316569164,-0.15697213563149404,-0.016201122922439252
LOW TIDE,2015.11.10_-28.854_153.587,-0.5483017508499741,-0.643774286453897,-0.5960380186519356
LOW TIDE,2015.12.13_-33.031_151.56,-0.529256091199001,-0.6740123145056289,-0.601634202852315
LOW TIDE,2015.12.21_-33.891_151.277,-0.45916907667590484,-0.45916907667590484,-0.45916907667590484
LOW TIDE,2016.01.02_-23.153_150.905,-0.6967669157067568,-1.0972713040273132,-0.897019109867035
LOW TIDE,2016.01.11_-26.807_153.134,-0.6889625358481317,-0.8147329690477673,-0.7518477524479494
LOW TIDE,2016.02.04_-33.098_151.658,-0.3718831260016663,-0.3718831260016663,-0.3718831260016663
LOW TIDE,2016.02.05_-27.532_153.463,-0.4221041910590681,-0.4221041910590681,-0.4221041910590681
LOW TIDE,2016.02.10_-40.93_144.62,-0.2587717831653155,-0.38986335508965636,-0.32431756912748594
LOW TIDE,2016.03.03_-37.033_139.741,0.10470938780720938,-0.24065368088169758,-0.02997779590617158
LOW TIDE,2016.03.28_-34.05_151.157,-0.4043047183878964,-0.46075325437013914,-0.43252898637901777
LOW TIDE,2016.03.30_-34.656_150.856,-0.2912909956353861,-0.39491974696101473,-0.3431053712982004
LOW TIDE,2016.04.19_-28.641_153.612,-0.46678705222298156,-0.6160105240217865,-0.5413987881223841
LOW TIDE,2016.05.31_-32.579_115.654,-0.007314445283998593,-0.02245313268656977,-0.014883788985284183
LOW TIDE,2016.06.02_-28.265_153.578,-0.7741291391894488,-0.7741291391894488,-0.7741291391894488
LOW TIDE,2016.06.05_-31.69_115.706,-0.30594974876022196,-0.30594974876022196,-0.30594974876022196
LOW TIDE,2016.07.04_-16.744_145.671,-0.68862649226253,-1.2957981709360533,-0.9922123315992917
LOW TIDE,2016.07.20_-27.935_153.433,-0.6168653290372202,-0.6957272409694207,-0.6562962850033205
LOW TIDE,2016.07.23_-42.989_147.522,-0.054349218895235994,-0.5215305033898737,-0.2879398611425549
LOW TIDE,2016.07.26_-28.834_153.605,-0.40000501836171665,-0.6491009490818107,-0.5245529837217637
LOW TIDE,2016.07.28_-35.027_117.884,-0.21970622701643003,-0.21970622701643003,-0.21970622701643003
LOW TIDE,2016.09.05_-33.693_114.986,-0.06651955455644627,-0.09212644494211313,-0.0793229997492797
LOW TIDE,2016.09.15_-33.321_115.638,-0.07839925301722483,-0.24022033872663978,-0.1593097958719323
LOW TIDE,2016.09.15_-38.367_144.285,-0.2884369298890805,-0.6937504277485903,-0.49109367881883537
LOW TIDE,2016.09.17_-38.285_144.459,-0.5978786619988645,-0.7491847706202203,-0.6735317163095424
LOW TIDE,2016.09.26_-28.873_153.59,-0.45652442222829837,-0.45652442222829837,-0.45652442222829837
LOW TIDE,2016.10.12_-28.834_153.605,-0.4420336029011139,-0.4420336029011139,-0.4420336029011139
LOW TIDE,2016.10.15_-26.801_153.141,-0.7900698227201206,-0.8580318652966273,-0.824050844008374
LOW TIDE,2016.10.24_-28.702_153.614,-0.35920358202017705,-0.5102510494095313,-0.4347273157148541
LOW TIDE,2016.11.28_-38.268_144.629,-0.2715596122418971,-0.7449525118960627,-0.5082560620689799
LOW TIDE,2016.12.01_-32.313_152.518,-0.5161669791851132,-0.5936070290215599,-0.5548870041033366
LOW TIDE,2016.12.06_-36.888_149.906,-0.24645007634080562,-0.5430430596518052,-0.3947465679963054
LOW TIDE,2016.12.14_-31.878_115.752,-0.3452140342816109,-0.3452140342816109,-0.3452140342816109
LOW TIDE,2017.01.03_-36.888_149.906,-0.3405405604650432,-0.6032697097214724,-0.4719051350932578
LOW TIDE,2017.01.13_-22.042_149.484,-3.91130497190755,-4.012051436554817,-3.961678204231183
LOW TIDE,2017.02.17_-18.236_146.326,0.07577947878598744,-0.3025097222172629,-0.04344548811949867
LOW TIDE,2017.02.24_-32.579_115.654,-0.020200437733656124,-0.23618295423282268,-0.1281916959832394
LOW TIDE,2017.02.25_-31.954_115.862,-0.04350568775776175,-0.24131746263073367,-0.1424115751942477
LOW TIDE,2017.03.19_-34.072_150.718,-0.3034550246632481,-0.35119484253065386,-0.327324933596951
LOW TIDE,2017.04.02_-27.312_153.345,-0.7246909029129771,-0.7785061326335009,-0.7515985177732389
LOW TIDE,2017.04.17_-33.832_121.997,-0.08614170417121263,-0.22729474219711127,-0.15671822318416195
LOW TIDE,2017.05.06_-12.649_141.847,0.04191676066405557,-0.558450917442945,-0.2582670783894447
LOW TIDE,2017.05.27_-29.109_153.422,-0.7933776322171634,-0.8151719388457127,-0.804274785531438
LOW TIDE,2017.06.10_-38.474_145.022,-0.4068582505584299,-0.9496909619012143,-0.678274606229822
LOW TIDE,2017.06.11_-33.315_115.637,-0.10257472527895393,-0.25467545219618626,-0.1924701832711169
LOW TIDE,2017.07.14_-31.929_115.755,-0.03595395111947971,-0.1637832204055425,-0.0998685857625111
LOW TIDE,2017.09.10_-20.622_117.184,-2.1889857052871946,-2.374688723195433,-2.281837214241314
LOW TIDE,2017.09.10_-29.412_153.365,-0.5691733450052601,-0.7075028997386176,-0.6383381223719389
LOW TIDE,2017.09.14_-33.861_121.891,-0.2923639329051838,-0.2923639329051838,-0.2923639329051838
LOW TIDE,2017.09.25_-33.864_114.988,-0.07899798278432213,-0.1256238126689221,-0.10231089772662212
LOW TIDE,2017.10.22_-35.446_138.322,-0.7628678356903533,-0.898650750278024,-0.8307592929841887
LOW TIDE,2017.10.28_-32.788_152.08,-0.2085104166083306,-0.4103900416545642,-0.30945022913144743
LOW TIDE,2017.10.31_-19.136_146.842,-0.7793912085855118,-0.9450847957828866,-0.8622380021841992
LOW TIDE,2017.11.13_-33.465_151.435,-0.34508667939657867,-0.34508667939657867,-0.34508667939657867
LOW TIDE,2018.01.13_-34.494_150.938,-0.3951523567875899,-0.4135901744010721,-0.404371265594331
LOW TIDE,2018.01.14_-14.668_145.464,-0.37597063255012625,-0.9042292083656917,-0.640099920457909
LOW TIDE,2018.02.01_-32.595_115.633,-0.31506865469848216,-0.31506865469848216,-0.31506865469848216
LOW TIDE,2018.02.14_-26.681_153.122,-0.5678844023899945,-0.6556337239487076,-0.611759063169351
LOW TIDE,2018.02.15_-34.682_150.851,-0.4486408092232053,-0.6051011946365499,-0.5268710019298776
LOW TIDE,2018.02.17_-38.356_145.248,-0.15875161917337657,-0.39386273295552565,-0.2763071760644511
LOW TIDE,2018.02.23_-33.992_151.238,-0.39951832214264144,-0.4356245102981076,-0.4175714162203745
LOW TIDE,2018.03.09_-38.368_144.285,-1.0738811432046844,-1.0738811432046844,-1.0738811432046844
LOW TIDE,2018.03.09_-38.537_143.972,-0.9912248793594545,-0.9912248793594545,-0.9912248793594545
LOW TIDE,2018.03.14_-31.85_115.755,-0.0005045327699066679,-0.2176585745544451,-0.10908155366217588
LOW TIDE,2018.04.15_-33.875_114.986,-0.13516431300247658,-0.15074058274316474,-0.14295244787282066
LOW TIDE,2018.04.15_-33.961_115.077,-0.13822696183452646,-0.1535494940600086,-0.14588822794726752
LOW TIDE,2018.04.24_-33.864_114.977,0.11928457921291502,-0.2912146284989753,-0.08596502464303013
LOW TIDE,2018.04.25_-28.8_153.583,-0.47245860167207854,-0.6167967392793844,-0.5446276704757315
LOW TIDE,2018.04.25_-33.977_114.986,0.048180343680960656,-0.26290381733880136,-0.10736173682892035
LOW TIDE,2018.05.09_-28.834_153.605,-0.26673064718713163,-0.44717115185038786,-0.35695089951875975
LOW TIDE,2018.05.24_-16.918_145.774,-0.9017270421759106,-0.9017270421759106,-0.9017270421759106
LOW TIDE,2018.06.03_-28.842_153.602,-0.4188654561419816,-0.48452720415991557,-0.45169633015094857
LOW TIDE,2018.06.08_-30.069_153.195,-0.2947697319916203,-0.5299066699138627,-0.41233820095274154
LOW TIDE,2018.10.08_-21.981_152.473,-0.872053363973902,-0.9523332177541621,-0.912193290864032
LOW TIDE,2018.10.13_-31.776_115.675,-0.12176809938430164,-0.14958170799733636,-0.135674903690819
LOW TIDE,2018.10.19_-32.767_152.124,-0.2443487282961367,-0.2443487282961367,-0.2443487282961367
LOW TIDE,2018.10.24_-34.162_115.189,-0.08193248471270413,-0.17684403096173232,-0.12938825783721822
LOW TIDE,2018.11.05_-20.25_148.933,-1.304776385527784,-1.6004412350270738,-1.4526088102774288
LOW TIDE,2018.11.07_-28.863_153.594,-0.66517373883923,-0.7761026698214422,-0.7206382043303361
LOW TIDE,2018.11.11_-32.604_115.63,-0.12228902638133847,-0.2012483141566625,-0.1748343465326959
LOW TIDE,2018.11.17_-34.77_150.813,-0.19205610911536575,-0.4698443473137501,-0.3309502282145579
LOW TIDE,2018.11.18_-12.182_136.782,-0.17448789990189015,-0.6858658260332979,-0.43017686296759405
LOW TIDE,2018.12.09_-30.666_152.732,-0.5782998487670921,-0.5801602845954534,-0.5792300666812727
LOW TIDE,2019.01.10_-20.346_148.957,-0.9424108418321702,-1.0164413426940173,-0.9794260922630937
LOW TIDE,2019.01.14_-31.982_115.761,-0.11957346376411024,-0.11957346376411024,-0.11957346376411024
LOW TIDE,2019.02.04_-30.5_153.017,-0.5649616958511617,-0.5878910633556129,-0.5764263796033873
LOW TIDE,2019.02.17_-28.634_153.6,-0.6357140306931324,-0.6376733956773678,-0.6366937131852501
LOW TIDE,2019.03.25_-19.674_149.175,-0.46460137914470034,-0.6356264086496839,-0.5501138938971921
LOW TIDE,2019.04.27_-31.889_152.444,-0.20473961382291403,-0.4020879851815656,-0.3034137995022398
LOW TIDE,2019.05.14_-24.609_152.13,-0.8544775924778544,-1.0375917220398498,-0.946034657258852
LOW TIDE,2019.06.05_-28.8_153.583,-0.6692223761436092,-0.6864659770793188,-0.677844176611464
LOW TIDE,2019.06.06_-43.652_146.277,-0.4670394433949301,-0.4670394433949301,-0.4670394433949301
LOW TIDE,2019.07.09_-26.799_153.133,-0.4020459525316229,-0.6602784301355143,-0.5311621913335687
LOW TIDE,2019.07.28_-11.857_143.282,-0.3698542522199915,-1.0073250203949384,-0.688589636307465
LOW TIDE,2019.09.07_-31.725_115.725,-0.23095487480147653,-0.23095487480147653,-0.23095487480147653
LOW TIDE,2019.09.28_-12.379_130.842,-2.614401622420638,-2.614401622420638,-2.614401622420638
LOW TIDE,2019.10.05_-31.479_152.93,-0.3581637280652688,-0.3775596353832434,-0.3678616817242561
LOW TIDE,2019.10.17_-27.061_153.201,-0.564676074130311,-0.7391780121757338,-0.6519270431530224
LOW TIDE,2019.10.29_-20.268_148.717,-1.121608826773984,-1.4846324655192957,-1.30312064614664
LOW TIDE,2019.11.23_-24.917_152.483,-0.9995575164755589,-0.9995575164755589,-0.9995575164755589
LOW TIDE,2019.11.30_-24.831_152.459,-0.751916564656272,-0.9883736852899438,-0.8701451249731079
LOW TIDE,2019.12.06_-21.931_114.124,-0.3082484387351883,-0.3082484387351883,-0.3082484387351883
LOW TIDE,2019.12.30_-23.295_151.708,-0.8077858573248027,-0.9701937875731992,-0.8889898224490009
LOW TIDE,2020.01.02_-33.861_121.891,-0.043738881889291946,-0.1528272428285375,-0.09828306235891472
LOW TIDE,2020.01.05_-33.922_121.903,-0.09939093085548316,-0.10570984930256702,-0.10255039007902508
LOW TIDE,2020.01.07_-23.295_151.708,-0.7345045280077508,-0.7345045280077508,-0.7345045280077508
LOW TIDE,2020.01.17_-34.534_150.875,-0.37853014247559397,-0.5834938521887264,-0.48101199733216016
