Date_Location,timestamp,datetime,datum,LAT,HAT
2020.01.17_-34.534_150.875,1579179600,2020-01-16T13:00:00+00:00,MSL,-0.8554039764404296,1.0306138610839843
2020.01.07_-23.295_151.708,1578319200,2020-01-06T14:00:00+00:00,MSL,-1.6995758056640624,2.016080017089844
2020.01.05_-33.922_121.903,1578153600,2020-01-04T16:00:00+00:00,MSL,-0.5073202514648437,0.6431026458740234
2020.01.02_-33.861_121.891,1577894400,2020-01-01T16:00:00+00:00,MSL,-0.5073202514648437,0.6431026458740234
2019.12.30_-23.295_151.708,1577628000,2019-12-29T14:00:00+00:00,MSL,-1.6995758056640624,2.016080017089844
2019.12.06_-21.931_114.124,1575561600,2019-12-05T16:00:00+00:00,MSL,-1.1290065002441407,1.0752294921875
2019.11.30_-24.831_152.459,1575036000,2019-11-29T14:00:00+00:00,MSL,-1.4850363159179687,1.7590695190429688
2019.11.23_-24.917_152.483,1574431200,2019-11-22T14:00:00+00:00,MSL,-1.5625369262695312,1.8299913024902343
2019.10.29_-20.268_148.717,1572271200,2019-10-28T14:00:00+00:00,MSL,-1.6869923400878906,2.078521423339844
2019.10.17_-27.061_153.201,1571234400,2019-10-16T14:00:00+00:00,MSL,-1.0650754547119141,1.34294189453125
2019.10.05_-31.479_152.93,1570197600,2019-10-04T14:00:00+00:00,MSL,-0.8706361389160157,1.1227922058105468
2019.09.28_-12.379_130.842,1569594600,2019-09-27T14:30:00+00:00,MSL,-4.132479248046875,3.7435256958007814
2019.09.07_-31.725_115.725,1567785600,2019-09-06T16:00:00+00:00,MSL,-0.4383910369873047,0.4657600784301758
2019.07.28_-11.857_143.282,1564236000,2019-07-27T14:00:00+00:00,MSL,-1.8282405090332032,2.0274925231933594
2019.07.09_-26.799_153.133,1562594400,2019-07-08T14:00:00+00:00,MSL,-0.9471244049072266,1.2240269470214844
2019.06.06_-43.652_146.277,1559743200,2019-06-05T14:00:00+00:00,MSL,-0.6001605987548828,0.4708928680419922
2019.06.05_-28.8_153.583,1559656800,2019-06-04T14:00:00+00:00,MSL,-0.8868402099609375,1.1673131561279297
2019.05.14_-24.609_152.13,1557756000,2019-05-13T14:00:00+00:00,MSL,-1.4179087829589845,1.706182403564453
2019.04.27_-31.889_152.444,1556287200,2019-04-26T14:00:00+00:00,MSL,-0.8732811737060547,1.1130268096923828
2019.03.25_-19.674_149.175,1553436000,2019-03-24T14:00:00+00:00,MSL,-1.4528083801269531,1.7727986145019532
2019.02.17_-28.634_153.6,1550322000,2019-02-16T13:00:00+00:00,MSL,-0.8891409301757812,1.1658721160888672
2019.02.04_-30.5_153.017,1549198800,2019-02-03T13:00:00+00:00,MSL,-0.8764799499511718,1.1311502838134766
2019.01.14_-31.982_115.761,1547395200,2019-01-13T16:00:00+00:00,MSL,-0.435899543762207,0.46491676330566406
2019.01.10_-20.346_148.957,1547042400,2019-01-09T14:00:00+00:00,MSL,-2.0532640075683593,2.549216613769531
2018.12.09_-30.666_152.732,1544274000,2018-12-08T13:00:00+00:00,MSL,-0.8763770294189454,1.129675064086914
2018.11.18_-12.182_136.782,1542465000,2018-11-17T14:30:00+00:00,MSL,-1.5030288696289062,1.2797521209716798
2018.11.17_-34.77_150.813,1542373200,2018-11-16T13:00:00+00:00,MSL,-0.8547678375244141,1.0267119598388672
2018.11.11_-32.604_115.63,1541865600,2018-11-10T16:00:00+00:00,MSL,-0.43359607696533203,0.4594403076171875
2018.11.07_-28.863_153.594,1541509200,2018-11-06T13:00:00+00:00,MSL,-0.8866371154785156,1.1665674591064452
2018.11.05_-20.25_148.933,1541340000,2018-11-04T14:00:00+00:00,MSL,-1.7719540405273437,2.2005413818359374
2018.10.24_-34.162_115.189,1540310400,2018-10-23T16:00:00+00:00,MSL,-0.5179893112182617,0.5272737121582032
2018.10.19_-32.767_152.124,1539867600,2018-10-18T13:00:00+00:00,MSL,-0.8724609375,1.081038818359375
2018.10.13_-31.776_115.675,1539360000,2018-10-12T16:00:00+00:00,MSL,-0.4383910369873047,0.4657600784301758
2018.10.08_-21.981_152.473,1538920800,2018-10-07T14:00:00+00:00,MSL,-1.1063570404052734,1.4245571899414062
2018.06.08_-30.069_153.195,1528380000,2018-06-07T14:00:00+00:00,MSL,-0.8833928680419922,1.141236572265625
2018.06.03_-28.842_153.602,1527948000,2018-06-02T14:00:00+00:00,MSL,-0.8868402099609375,1.1673131561279297
2018.05.24_-16.918_145.774,1527084000,2018-05-23T14:00:00+00:00,MSL,-1.4884945678710937,1.5454592895507813
2018.05.09_-28.834_153.605,1525788000,2018-05-08T14:00:00+00:00,MSL,-0.8868402099609375,1.1673131561279297
2018.04.25_-28.8_153.583,1524578400,2018-04-24T14:00:00+00:00,MSL,-0.8868402099609375,1.1673131561279297
2018.04.25_-33.977_114.986,1524585600,2018-04-24T16:00:00+00:00,MSL,-0.5069694137573242,0.5164125823974609
2018.04.24_-33.864_114.977,1524499200,2018-04-23T16:00:00+00:00,MSL,-0.4978323745727539,0.5088227462768554
2018.04.15_-33.875_114.986,1523721600,2018-04-14T16:00:00+00:00,MSL,-0.4978323745727539,0.5088227462768554
2018.04.15_-33.961_115.077,1523721600,2018-04-14T16:00:00+00:00,MSL,-0.5069694137573242,0.5164125823974609
2018.03.14_-31.85_115.755,1520956800,2018-03-13T16:00:00+00:00,MSL,-0.4369647216796875,0.4655389404296875
2018.03.09_-38.537_143.972,1520514000,2018-03-08T13:00:00+00:00,MSL,-1.3293061828613282,1.203362274169922
2018.03.09_-38.368_144.285,1520514000,2018-03-08T13:00:00+00:00,MSL,-1.4305735778808595,1.2872817993164063
2018.02.23_-33.992_151.238,1519304400,2018-02-22T13:00:00+00:00,MSL,-0.8590452575683594,1.0404325103759766
2018.02.17_-38.356_145.248,1518786000,2018-02-16T13:00:00+00:00,MSL,-0.8191699981689453,0.7620406341552735
2018.02.15_-34.682_150.851,1518613200,2018-02-14T13:00:00+00:00,MSL,-0.8550900268554688,1.027861328125
2018.02.14_-26.681_153.122,1518530400,2018-02-13T14:00:00+00:00,MSL,-0.941897201538086,1.2162120056152343
2018.02.01_-32.595_115.633,1517414400,2018-01-31T16:00:00+00:00,MSL,-0.43359607696533203,0.4594403076171875
2018.01.14_-14.668_145.464,1515852000,2018-01-13T14:00:00+00:00,MSL,-1.4198112487792969,1.4805747985839843
2018.01.13_-34.494_150.938,1515762000,2018-01-12T13:00:00+00:00,MSL,-0.8555808258056641,1.0318485260009767
2018.01.05_-33.864_114.977,1515081600,2018-01-04T16:00:00+00:00,MSL,-0.4978323745727539,0.5088227462768554
2017.11.13_-33.465_151.435,1510491600,2017-11-12T13:00:00+00:00,MSL,-0.8683502197265625,1.0624525451660156
2017.10.31_-19.136_146.842,1509372000,2017-10-30T14:00:00+00:00,MSL,-1.8155152893066406,1.923305206298828
2017.10.28_-32.788_152.08,1509109200,2017-10-27T13:00:00+00:00,MSL,-0.8730878448486328,1.0808245849609375
2017.10.22_-35.446_138.322,1508592600,2017-10-21T13:30:00+00:00,MSL,-1.002825698852539,1.206549072265625
2017.09.25_-33.864_114.988,1506268800,2017-09-24T16:00:00+00:00,MSL,-0.4978323745727539,0.5088227462768554
2017.09.14_-33.861_121.891,1505318400,2017-09-13T16:00:00+00:00,MSL,-0.5073202514648437,0.6431026458740234
2017.09.10_-20.622_117.184,1504972800,2017-09-09T16:00:00+00:00,MSL,-2.866119384765625,2.82013916015625
2017.09.10_-29.412_153.365,1504965600,2017-09-09T14:00:00+00:00,MSL,-0.8917601013183594,1.165411376953125
2017.07.14_-31.929_115.755,1499961600,2017-07-13T16:00:00+00:00,MSL,-0.43631591796875,0.46526737213134767
2017.06.11_-33.315_115.637,1497110400,2017-06-10T16:00:00+00:00,MSL,-0.4827304458618164,0.4932203674316406
2017.06.10_-38.474_145.022,1497016800,2017-06-09T14:00:00+00:00,MSL,-1.540248565673828,1.4043951416015625
2017.05.27_-29.109_153.422,1495807200,2017-05-26T14:00:00+00:00,MSL,-0.8919248962402344,1.1726897430419922
2017.05.06_-12.649_141.847,1493992800,2017-05-05T14:00:00+00:00,MSL,-1.4110360717773438,1.199729232788086
2017.04.17_-33.832_121.997,1492358400,2017-04-16T16:00:00+00:00,MSL,-0.5076144409179687,0.6444322967529297
2017.04.02_-27.312_153.345,1491055200,2017-04-01T14:00:00+00:00,MSL,-1.305577392578125,1.5723896789550782
2017.03.19_-34.072_150.718,1489842000,2017-03-18T13:00:00+00:00,MSL,-0.8563024139404297,1.0347895050048828
2017.02.25_-31.954_115.862,1487952000,2017-02-24T16:00:00+00:00,MSL,-0.43631591796875,0.46526737213134767
2017.02.24_-32.579_115.654,1487865600,2017-02-23T16:00:00+00:00,MSL,-0.43346160888671875,0.4606317520141602
2017.02.17_-18.236_146.326,1487253600,2017-02-16T14:00:00+00:00,MSL,-1.668816375732422,1.7502288818359375
2017.01.13_-22.042_149.484,1484229600,2017-01-12T14:00:00+00:00,MSL,-4.686667785644532,4.7845849609375
2017.01.03_-36.888_149.906,1483362000,2017-01-02T13:00:00+00:00,MSL,-0.8271729278564454,0.9734864044189453
2016.12.14_-31.878_115.752,1481644800,2016-12-13T16:00:00+00:00,MSL,-0.4369647216796875,0.4655389404296875
2016.12.06_-36.888_149.906,1480942800,2016-12-05T13:00:00+00:00,MSL,-0.8271729278564454,0.9734864044189453
2016.12.01_-32.313_152.518,1480510800,2016-11-30T13:00:00+00:00,MSL,-0.8739630889892578,1.1038597106933594
2016.11.28_-38.268_144.629,1480251600,2016-11-27T13:00:00+00:00,MSL,-1.4889448547363282,1.3381590270996093
2016.10.24_-28.702_153.614,1477227600,2016-10-23T13:00:00+00:00,MSL,-0.8892627716064453,1.1675648498535156
2016.10.15_-26.801_153.141,1476453600,2016-10-14T14:00:00+00:00,MSL,-0.9471244049072266,1.2240269470214844
2016.10.12_-28.834_153.605,1476190800,2016-10-11T13:00:00+00:00,MSL,-0.8868402099609375,1.1673131561279297
2016.09.26_-28.873_153.59,1474812000,2016-09-25T14:00:00+00:00,MSL,-0.8866371154785156,1.1665674591064452
2016.09.17_-38.285_144.459,1474034400,2016-09-16T14:00:00+00:00,MSL,-1.4542538452148437,1.3114187622070312
2016.09.15_-38.367_144.285,1473861600,2016-09-14T14:00:00+00:00,MSL,-1.4305735778808595,1.2872817993164063
2016.09.15_-33.321_115.638,1473868800,2016-09-14T16:00:00+00:00,MSL,-0.4827304458618164,0.4932203674316406
2016.09.05_-33.693_114.986,1473004800,2016-09-04T16:00:00+00:00,MSL,-0.49083980560302737,0.4997093963623047
2016.07.28_-35.027_117.884,1469635200,2016-07-27T16:00:00+00:00,MSL,-0.5100648880004883,0.5887093353271484
2016.07.26_-28.834_153.605,1469455200,2016-07-25T14:00:00+00:00,MSL,-0.8868402099609375,1.1673131561279297
2016.07.23_-42.989_147.522,1469196000,2016-07-22T14:00:00+00:00,MSL,-0.7650376892089844,0.7426953125
2016.07.20_-27.935_153.433,1468936800,2016-07-19T14:00:00+00:00,MSL,-0.8968606567382813,1.1874234771728516
2016.07.04_-16.744_145.671,1467554400,2016-07-03T14:00:00+00:00,MSL,-1.49503173828125,1.5479745483398437
2016.06.05_-31.69_115.706,1465056000,2016-06-04T16:00:00+00:00,MSL,-0.43866294860839844,0.4656050109863281
2016.06.02_-28.265_153.578,1464789600,2016-06-01T14:00:00+00:00,MSL,-0.8898392486572265,1.171876449584961
2016.05.31_-32.579_115.654,1464624000,2016-05-30T16:00:00+00:00,MSL,-0.43346160888671875,0.4606317520141602
2016.04.19_-28.641_153.612,1460988000,2016-04-18T14:00:00+00:00,MSL,-0.8891409301757812,1.1658721160888672
2016.03.30_-34.656_150.856,1459256400,2016-03-29T13:00:00+00:00,MSL,-0.854715576171875,1.0285357666015624
2016.03.28_-34.05_151.157,1459083600,2016-03-27T13:00:00+00:00,MSL,-0.8580573272705078,1.0385281372070312
2016.03.03_-37.033_139.741,1456925400,2016-03-02T13:30:00+00:00,MSL,-0.552247314453125,0.6168231582641601
2016.02.10_-40.93_144.62,1455022800,2016-02-09T13:00:00+00:00,MSL,-0.5018727111816407,0.6172378540039063
2016.02.05_-27.532_153.463,1454594400,2016-02-04T14:00:00+00:00,MSL,-0.8956623840332031,1.1910102081298828
2016.02.04_-33.098_151.658,1454504400,2016-02-03T13:00:00+00:00,MSL,-0.8721678924560546,1.0741928100585938
2016.01.11_-26.807_153.134,1452434400,2016-01-10T14:00:00+00:00,MSL,-0.9471244049072266,1.2240269470214844
2016.01.02_-23.153_150.905,1451656800,2016-01-01T14:00:00+00:00,MSL,-2.583948669433594,2.8121994018554686
2015.12.21_-33.891_151.277,1450616400,2015-12-20T13:00:00+00:00,MSL,-0.8615251159667969,1.0466612243652345
2015.12.13_-33.031_151.56,1449925200,2015-12-12T13:00:00+00:00,MSL,-0.8721678924560546,1.0741928100585938
2015.11.10_-28.854_153.587,1447074000,2015-11-09T13:00:00+00:00,MSL,-0.8866371154785156,1.1665674591064452
2015.10.07_-32.604_115.63,1444147200,2015-10-06T16:00:00+00:00,MSL,-0.43359607696533203,0.4594403076171875
2015.09.26_-17.229_146.094,1443189600,2015-09-25T14:00:00+00:00,MSL,-1.5129347229003907,1.5807850646972657
2015.09.08_-33.37_151.486,1441634400,2015-09-07T14:00:00+00:00,MSL,-0.8683502197265625,1.0624525451660156
2015.09.04_-32.068_152.515,1441288800,2015-09-03T14:00:00+00:00,MSL,-0.8732811737060547,1.1130268096923828
2015.08.22_-31.479_152.93,1440165600,2015-08-21T14:00:00+00:00,MSL,-0.8706361389160157,1.1227922058105468
2015.07.31_-29.109_153.422,1438264800,2015-07-30T14:00:00+00:00,MSL,-0.8919248962402344,1.1726897430419922
2015.07.27_-38.217_141.783,1437919200,2015-07-26T14:00:00+00:00,MSL,-0.5955508422851562,0.5941074752807617
2015.07.25_-42.643_147.978,1437746400,2015-07-24T14:00:00+00:00,MSL,-0.732027359008789,0.7016661071777344
2015.07.23_-38.251_141.806,1437573600,2015-07-22T14:00:00+00:00,MSL,-0.5955508422851562,0.5941074752807617
2015.07.03_-28.8_153.583,1435845600,2015-07-02T14:00:00+00:00,MSL,-0.8868402099609375,1.1673131561279297
2015.07.02_-28.854_153.587,1435759200,2015-07-01T14:00:00+00:00,MSL,-0.8866371154785156,1.1665674591064452
2015.06.30_-29.437_153.365,1435586400,2015-06-29T14:00:00+00:00,MSL,-0.8917601013183594,1.165411376953125
2015.06.25_-32.006_115.507,1435161600,2015-06-24T16:00:00+00:00,MSL,-0.43395423889160156,0.46272380828857423
2015.06.24_-34.962_117.351,1435075200,2015-06-23T16:00:00+00:00,MSL,-0.5060247421264649,0.5597885131835938
2015.05.03_-32.011_152.563,1430575200,2015-05-02T14:00:00+00:00,MSL,-0.8732811737060547,1.1130268096923828
2015.04.25_-34.914_135.686,1429885800,2015-04-24T14:30:00+00:00,MSL,-0.5190165710449218,0.7080857849121094
2015.04.24_-28.634_153.6,1429797600,2015-04-23T14:00:00+00:00,MSL,-0.8891409301757812,1.1658721160888672
2015.04.11_-35.804_150.226,1428674400,2015-04-10T14:00:00+00:00,MSL,-0.8425437927246093,0.993175277709961
2015.03.11_-28.644_153.615,1425992400,2015-03-10T13:00:00+00:00,MSL,-0.8891409301757812,1.1658721160888672
2015.02.09_-33.37_151.486,1423400400,2015-02-08T13:00:00+00:00,MSL,-0.8683502197265625,1.0624525451660156
2015.02.08_-28.719_153.612,1423314000,2015-02-07T13:00:00+00:00,MSL,-0.8881761169433594,1.1683778381347656
2015.02.05_-32.947_151.76,1423054800,2015-02-04T13:00:00+00:00,MSL,-0.8734986114501954,1.0784809112548828
2015.01.30_-27.989_153.426,1422540000,2015-01-29T14:00:00+00:00,MSL,-0.8968395233154297,1.1862823486328125
2015.01.24_-35.234_150.53,1422018000,2015-01-23T13:00:00+00:00,MSL,-0.8454113006591797,1.0022213745117188
2015.01.17_-33.052_151.668,1421413200,2015-01-16T13:00:00+00:00,MSL,-0.8721678924560546,1.0741928100585938
2015.01.16_-35.32_150.476,1421326800,2015-01-15T13:00:00+00:00,MSL,-0.8441047668457031,1.0007308197021485
2014.12.29_-35.164_150.65,1419771600,2014-12-28T13:00:00+00:00,MSL,-0.8473420715332032,1.0063471221923828
2014.12.28_-38.199_147.403,1419685200,2014-12-27T13:00:00+00:00,MSL,-0.7649600219726562,0.8139237976074218
2014.12.15_-16.191_145.699,1418565600,2014-12-14T14:00:00+00:00,MSL,-1.4590480041503906,1.5178468322753906
2014.11.29_-32.604_115.63,1417190400,2014-11-28T16:00:00+00:00,MSL,-0.43359607696533203,0.4594403076171875
2014.11.19_-32.052_115.755,1416326400,2014-11-18T16:00:00+00:00,MSL,-0.4351004028320313,0.4642658233642578
2014.11.10_-30.19_153.15,1415538000,2014-11-09T13:00:00+00:00,MSL,-0.8831946563720703,1.138968505859375
2014.10.30_-31.992_152.559,1414587600,2014-10-29T13:00:00+00:00,MSL,-0.8756861114501953,1.1142408752441406
2014.10.17_-33.465_151.435,1413464400,2014-10-16T13:00:00+00:00,MSL,-0.8683502197265625,1.0624525451660156
2014.10.11_-33.584_115.09,1412956800,2014-10-10T16:00:00+00:00,MSL,-0.487705192565918,0.49474563598632815
2014.10.02_-33.836_121.984,1412179200,2014-10-01T16:00:00+00:00,MSL,-0.5076144409179687,0.6444322967529297
2014.09.09_-28.64_153.627,1410184800,2014-09-08T14:00:00+00:00,MSL,-0.8891409301757812,1.1658721160888672
2014.06.18_-35.514_138.708,1403015400,2014-06-17T14:30:00+00:00,MSL,-0.5677129745483398,0.7340298461914062
2014.06.18_-35.514_138.708,1403015400,2014-06-17T14:30:00+00:00,MSL,-0.5677129745483398,0.7340298461914062
2014.06.17_-17.947_122.231,1402934400,2014-06-16T16:00:00+00:00,MSL,-4.810763854980468,4.874821472167969
2014.06.09_-35.631_138.467,1402237800,2014-06-08T14:30:00+00:00,MSL,-0.5263260269165039,0.7015009307861328
2014.06.01_-34.77_150.813,1401544800,2014-05-31T14:00:00+00:00,MSL,-0.8547678375244141,1.0267119598388672
2014.05.27_-27.997_153.42,1401112800,2014-05-26T14:00:00+00:00,MSL,-0.8968395233154297,1.1862823486328125
2014.05.22_-32.771_151.999,1400680800,2014-05-21T14:00:00+00:00,MSL,-0.8730878448486328,1.0808245849609375
2014.05.14_-34.333_135.75,1399991400,2014-05-13T14:30:00+00:00,MSL,-0.6303927993774414,0.9010382080078125
2014.04.03_-36.736_149.967,1396443600,2014-04-02T13:00:00+00:00,MSL,-0.8274745178222657,0.9729739379882812
2014.03.29_-32.607_115.64,1396022400,2014-03-28T16:00:00+00:00,MSL,-0.43359607696533203,0.4594403076171875
2014.03.18_-38.368_144.285,1395061200,2014-03-17T13:00:00+00:00,MSL,-1.4305735778808595,1.2872817993164063
2014.03.18_-28.8_153.583,1395061200,2014-03-17T13:00:00+00:00,MSL,-0.8868402099609375,1.1673131561279297
2014.03.12_-31.479_152.93,1394542800,2014-03-11T13:00:00+00:00,MSL,-0.8706361389160157,1.1227922058105468
2014.02.08_-35.152_137.685,1391779800,2014-02-07T13:30:00+00:00,MSL,-0.870048828125,1.0813949584960938
2014.01.26_-33.529_151.308,1390654800,2014-01-25T13:00:00+00:00,MSL,-0.8662629699707032,1.0545095825195312
2013.12.05_-31.454_152.931,1386162000,2013-12-04T13:00:00+00:00,MSL,-0.8706361389160157,1.1227922058105468
2013.11.30_-30.238_153.152,1385730000,2013-11-29T13:00:00+00:00,MSL,-0.8831208801269531,1.1386772918701171
2013.11.23_-33.864_114.988,1385136000,2013-11-22T16:00:00+00:00,MSL,-0.4978323745727539,0.5088227462768554
2013.11.12_-31.878_115.752,1384185600,2013-11-11T16:00:00+00:00,MSL,-0.4369647216796875,0.4655389404296875
2013.10.28_-22.096_113.889,1382889600,2013-10-27T16:00:00+00:00,MSL,-0.8253414916992188,0.8297767639160156
2013.10.26_-31.812_115.709,1382716800,2013-10-25T16:00:00+00:00,MSL,-0.43754703521728516,0.465466194152832
2013.10.24_-33.71_151.303,1382533200,2013-10-23T13:00:00+00:00,MSL,-0.8651046752929688,1.0526553344726564
2013.08.25_-31.253_146.921,1377374400,2013-08-24T20:00:00+00:00,MSL,-0.8662629699707032,1.0545095825195312
2013.07.02_-38.474_145.022,1372687200,2013-07-01T14:00:00+00:00,MSL,-1.540248565673828,1.4043951416015625
2013.06.06_-35.071_150.783,1370440800,2013-06-05T14:00:00+00:00,MSL,-0.8486609649658203,1.0114490509033203
2013.04.28_-30.157_153.15,1367071200,2013-04-27T14:00:00+00:00,MSL,-0.8831946563720703,1.138968505859375
2013.04.21_-31.844_152.727,1366466400,2013-04-20T14:00:00+00:00,MSL,-0.873302001953125,1.1177643585205077
2013.04.02_-31.951_115.86,1364832000,2013-04-01T16:00:00+00:00,MSL,-0.43631591796875,0.46526737213134767
2013.03.10_-28.802_114.619,1362844800,2013-03-09T16:00:00+00:00,MSL,-0.47689582824707033,0.4987537384033203
2013.01.26_-38.385_141.565,1359118800,2013-01-25T13:00:00+00:00,MSL,-0.5818222045898438,0.5959942626953125
2013.01.25_-26.365_152.968,1359036000,2013-01-24T14:00:00+00:00,MSL,-0.9437657165527343,1.2187022399902343
2013.01.21_-26.807_153.132,1358690400,2013-01-20T14:00:00+00:00,MSL,-0.9471244049072266,1.2240269470214844
2013.01.05_-20.385_116.876,1357315200,2013-01-04T16:00:00+00:00,MSL,-2.3842848205566405,2.355214080810547
2012.12.30_-33.746_151.304,1356786000,2012-12-29T13:00:00+00:00,MSL,-0.8621099853515625,1.0487445831298827
2012.12.28_-31.735_152.792,1356613200,2012-12-27T13:00:00+00:00,MSL,-0.872219467163086,1.1172157287597657
2012.12.19_-31.878_115.752,1355846400,2012-12-18T16:00:00+00:00,MSL,-0.4369647216796875,0.4655389404296875
2012.12.02_-35.272_150.516,1354366800,2012-12-01T13:00:00+00:00,MSL,-0.8454113006591797,1.0022213745117188
2012.11.27_-26.682_153.118,1353938400,2012-11-26T14:00:00+00:00,MSL,-0.941897201538086,1.2162120056152343
2012.10.02_-31.779_115.733,1349107200,2012-10-01T16:00:00+00:00,MSL,-0.4383910369873047,0.4657600784301758
2012.08.11_-31.76_115.733,1344614400,2012-08-10T16:00:00+00:00,MSL,-0.4383910369873047,0.4657600784301758
2012.07.31_-32.797_134.211,1343687400,2012-07-30T22:30:00+00:00,MSL,-0.7627053833007813,1.0098590087890624
2012.07.14_-30.828_115.188,1342216800,2012-07-13T22:00:00+00:00,MSL,-0.4381489944458008,0.46111953735351563
2012.07.07_-38.283_144.6,1341583200,2012-07-06T14:00:00+00:00,MSL,-1.4889448547363282,1.3381590270996093
2012.06.22_-43.63_146.79,1340287200,2012-06-21T14:00:00+00:00,MSL,-0.6317258071899414,0.5426812362670899
2012.06.20_-31.779_115.733,1340121600,2012-06-19T16:00:00+00:00,MSL,-0.4383910369873047,0.4657600784301758
2012.06.12_-38.619_142.996,1339423200,2012-06-11T14:00:00+00:00,MSL,-0.6942464447021485,0.6148826599121093
2012.06.03_-33.02_151.709,1338645600,2012-06-02T14:00:00+00:00,MSL,-0.8728636169433593,1.0772764587402344
2012.04.11_-35.237_136.897,1334068200,2012-04-10T14:30:00+00:00,MSL,-0.49566455841064455,0.6933939361572266
2012.03.31_-33.467_115.56,1333123200,2012-03-30T16:00:00+00:00,MSL,-0.48529083251953126,0.4962222671508789
2012.03.22_-27.71_114.165,1332367200,2012-03-21T22:00:00+00:00,MSL,-0.4932524490356445,0.519564094543457
2012.03.20_-28.053_153.441,1332165600,2012-03-19T14:00:00+00:00,MSL,-0.8965574645996094,1.1849622344970703
2012.03.06_-37.821_144.958,1330952400,2012-03-05T13:00:00+00:00,MSL,-0.6727967071533203,0.5962227249145508
2012.02.25_-32.616_152.314,1330088400,2012-02-24T13:00:00+00:00,MSL,-0.8733307647705079,1.0862841796875
2012.02.06_-26.757_153.126,1328450400,2012-02-05T14:00:00+00:00,MSL,-0.9431330871582031,1.2188253021240234
2012.01.18_-33.02_151.709,1326805200,2012-01-17T13:00:00+00:00,MSL,-0.8728636169433593,1.0772764587402344
2012.01.03_-33.461_151.438,1325509200,2012-01-02T13:00:00+00:00,MSL,-0.8683502197265625,1.0624525451660156
2012.01.02_-28.317_153.533,1325422800,2012-01-01T13:00:00+00:00,MSL,-0.8889710235595704,1.1685575103759767
2011.12.11_-29.479_153.359,1323522000,2011-12-10T13:00:00+00:00,MSL,-0.8904793548583985,1.1617720794677735
2011.12.07_-33.95_151.244,1323176400,2011-12-06T13:00:00+00:00,MSL,-0.8606995391845703,1.0447637939453125
2011.12.02_-28.726_153.598,1322744400,2011-12-01T13:00:00+00:00,MSL,-0.8881761169433594,1.1683778381347656
2011.11.28_-26.481_153.096,1322402400,2011-11-27T14:00:00+00:00,MSL,-0.9415087890625,1.2157884979248046
2011.10.22_-32.006_115.507,1319212800,2011-10-21T16:00:00+00:00,MSL,-0.43395423889160156,0.46272380828857423
2011.10.19_-37.89_144.985,1318942800,2011-10-18T13:00:00+00:00,MSL,-0.6727967071533203,0.5962227249145508
2011.10.09_-31.994_115.751,1318089600,2011-10-08T16:00:00+00:00,MSL,-0.435899543762207,0.46491676330566406
2011.09.04_-33.543_115.039,1315065600,2011-09-03T16:00:00+00:00,MSL,-0.487705192565918,0.49474563598632815
2011.08.28_-18.693_146.52,1314464400,2011-08-27T17:00:00+00:00,MSL,-1.8044876098632812,1.9044821166992187
2011.03.23_-31.844_152.727,1300798800,2011-03-22T13:00:00+00:00,MSL,-0.873302001953125,1.1177643585205077
2011.03.16_-32.679_152.176,1300194000,2011-03-15T13:00:00+00:00,MSL,-0.8727862548828125,1.0824812316894532
2011.03.10_-28.652_153.628,1299675600,2011-03-09T13:00:00+00:00,MSL,-0.8891409301757812,1.1658721160888672
2011.02.28_-20.918_142.703,1298815200,2011-02-27T14:00:00+00:00,MSL,-2.096474304199219,2.3064971923828126
2011.02.17_-34.727_135.158,1297863000,2011-02-16T13:30:00+00:00,MSL,-0.520358772277832,0.7016387176513672
2011.02.13_-26.407_153.105,1297519200,2011-02-12T14:00:00+00:00,MSL,-0.942259292602539,1.2168733978271484
2011.02.12_-21.931_114.124,1297440000,2011-02-11T16:00:00+00:00,MSL,-1.1290065002441407,1.0752294921875
2011.01.20_-28.277_153.573,1295442000,2011-01-19T13:00:00+00:00,MSL,-0.8898392486572265,1.171876449584961
2011.01.03_-33.653_115.345,1293984000,2011-01-02T16:00:00+00:00,MSL,-0.4863142395019531,0.49798198699951174
2010.11.12_-32.204_115.678,1289491200,2010-11-11T16:00:00+00:00,MSL,-0.4325211715698242,0.46157360076904297
2010.10.30_-32.204_115.678,1288368000,2010-10-29T16:00:00+00:00,MSL,-0.4325211715698242,0.46157360076904297
2010.10.23_-30.828_115.188,1287763200,2010-10-22T16:00:00+00:00,MSL,-0.4381489944458008,0.46111953735351563
2010.10.09_-30.081_153.196,1286542800,2010-10-08T13:00:00+00:00,MSL,-0.8833928680419922,1.141236572265625
2010.09.13_-31.253_146.921,1284321600,2010-09-12T20:00:00+00:00,MSL,-0.8662629699707032,1.0545095825195312
2010.08.17_-33.861_114.986,1281974400,2010-08-16T16:00:00+00:00,MSL,-0.4978323745727539,0.5088227462768554
2010.08.10_-19.209_146.768,1281362400,2010-08-09T14:00:00+00:00,MSL,-1.8213923645019532,1.926923828125
2010.08.08_-31.186_152.913,1281189600,2010-08-07T14:00:00+00:00,MSL,-0.8722132110595703,1.1230684661865233
2010.06.06_-35.017_116.862,1275753600,2010-06-05T16:00:00+00:00,MSL,-0.4962996673583984,0.5372630310058594
2010.05.18_-31.315_152.977,1274104800,2010-05-17T14:00:00+00:00,MSL,-0.8715775299072266,1.1220252227783203
2010.02.13_-20.35_148.932,1265983200,2010-02-12T14:00:00+00:00,MSL,-2.0532640075683593,2.549216613769531
2010.02.11_-33.68_151.314,1265806800,2010-02-10T13:00:00+00:00,MSL,-0.8651046752929688,1.0526553344726564
2010.02.06_-29.43_153.363,1265374800,2010-02-05T13:00:00+00:00,MSL,-0.8917601013183594,1.165411376953125
2010.01.27_-20.918_142.703,1264514400,2010-01-26T14:00:00+00:00,MSL,-2.096474304199219,2.3064971923828126
2010.01.22_-38.15_144.362,1264078800,2010-01-21T13:00:00+00:00,MSL,-0.6876174926757812,0.6239764022827149
2010.01.09_-10.58_142.219,1262959200,2010-01-08T14:00:00+00:00,MSL,-1.7100787353515625,1.8629246520996094
2009.12.26_-33.465_151.435,1261746000,2009-12-25T13:00:00+00:00,MSL,-0.8683502197265625,1.0624525451660156
2009.12.20_-26.615_153.114,1261231200,2009-12-19T14:00:00+00:00,MSL,-0.9415785980224609,1.215576171875
2009.12.13_-33.859_151.278,1260622800,2009-12-12T13:00:00+00:00,MSL,-0.8615251159667969,1.0466612243652345
2009.12.12_-32.674_152.186,1260536400,2009-12-11T13:00:00+00:00,MSL,-0.8730908203125,1.0842546844482421
2009.11.08_-35.537_138.232,1257600600,2009-11-07T13:30:00+00:00,MSL,-0.9045933532714844,1.1030945587158203
2009.10.30_-38.361_141.604,1256821200,2009-10-29T13:00:00+00:00,MSL,-0.5882035446166992,0.5955762481689453
2009.10.28_-28.8_153.583,1256648400,2009-10-27T13:00:00+00:00,MSL,-0.8868402099609375,1.1673131561279297
2009.07.30_-28.726_153.598,1248876000,2009-07-29T14:00:00+00:00,MSL,-0.8881761169433594,1.1683778381347656
2009.06.27_-34.77_150.813,1246024800,2009-06-26T14:00:00+00:00,MSL,-0.8547678375244141,1.0267119598388672
2009.04.12_-32.75_152.163,1239458400,2009-04-11T14:00:00+00:00,MSL,-0.8727862548828125,1.0824812316894532
2009.03.20_-33.353_151.501,1237467600,2009-03-19T13:00:00+00:00,MSL,-0.8690522766113281,1.0650308227539063
2009.03.19_-35.845_150.169,1237381200,2009-03-18T13:00:00+00:00,MSL,-0.8404852294921875,0.9893132019042968
2009.03.19_-35.714_150.179,1237381200,2009-03-18T13:00:00+00:00,MSL,-0.8411076354980469,0.9921428680419921
2009.03.16_-32.006_115.507,1237129200,2009-03-15T15:00:00+00:00,MSL,-0.43395423889160156,0.46272380828857423
2009.03.01_-33.63_151.33,1235826000,2009-02-28T13:00:00+00:00,MSL,-0.8662629699707032,1.0545095825195312
2009.02.22_-16.416_145.771,1235224800,2009-02-21T14:00:00+00:00,MSL,-1.4930741882324219,1.5499710083007812
2009.02.18_-31.454_152.931,1234875600,2009-02-17T13:00:00+00:00,MSL,-0.8706361389160157,1.1227922058105468
2009.02.12_-33.891_151.277,1234357200,2009-02-11T13:00:00+00:00,MSL,-0.8615251159667969,1.0466612243652345
2009.02.11_-33.864_151.217,1234270800,2009-02-10T13:00:00+00:00,MSL,-0.8615251159667969,1.0466612243652345
2009.02.07_-32.379_152.529,1233957600,2009-02-06T22:00:00+00:00,MSL,-0.8732183837890625,1.0996175384521485
2009.02.07_-29.689_153.313,1233925200,2009-02-06T13:00:00+00:00,MSL,-0.8867608642578125,1.1520135498046875
2009.01.24_-35.76_150.205,1232715600,2009-01-23T13:00:00+00:00,MSL,-0.8411076354980469,0.9921428680419921
2009.01.18_-38.333_142.354,1232197200,2009-01-17T13:00:00+00:00,MSL,-0.6144263076782227,0.5846691131591797
2009.01.12_-34.527_150.874,1231678800,2009-01-11T13:00:00+00:00,MSL,-0.8555808258056641,1.0318485260009767
2009.01.11_-41.249_148.293,1231592400,2009-01-10T13:00:00+00:00,MSL,-0.7900019073486328,0.8286503601074219
2009.01.11_-28.2_153.567,1231592400,2009-01-10T13:00:00+00:00,MSL,-0.8929218292236328,1.1779092407226563
2008.12.30_-32.352_115.742,1230562800,2008-12-29T15:00:00+00:00,MSL,-0.4327439880371094,0.4610045623779297
2008.12.27_-42.318_148.282,1230296400,2008-12-26T13:00:00+00:00,MSL,-0.7486802673339844,0.7179875946044922
2008.12.27_-32.435_152.526,1230328800,2008-12-26T22:00:00+00:00,MSL,-0.872464370727539,1.0950189971923827
2008.12.27_-33.746_151.304,1230296400,2008-12-26T13:00:00+00:00,MSL,-0.8621099853515625,1.0487445831298827
2008.12.27_-32.352_115.742,1230303600,2008-12-26T15:00:00+00:00,MSL,-0.4327439880371094,0.4610045623779297
2008.12.06_-37.141_150.005,1228482000,2008-12-05T13:00:00+00:00,MSL,-0.827169189453125,0.9762434387207031
2008.11.09_-34.786_138.494,1226151000,2008-11-08T13:30:00+00:00,MSL,-1.3121221923828126,1.5130508422851563
2008.10.22_-33.795_151.285,1224594000,2008-10-21T13:00:00+00:00,MSL,-0.8621099853515625,1.0487445831298827
2008.10.12_-12.463_130.846,1223735400,2008-10-11T14:30:00+00:00,MSL,-4.147141418457031,3.76570556640625
2008.10.11_-33.031_151.56,1223643600,2008-10-10T13:00:00+00:00,MSL,-0.8721678924560546,1.0741928100585938
2008.09.15_-11.176_132.531,1221431400,2008-09-14T22:30:00+00:00,MSL,-1.4677449035644532,1.101934356689453
2008.09.07_-28.64_153.627,1220709600,2008-09-06T14:00:00+00:00,MSL,-0.8891409301757812,1.1658721160888672
2008.08.30_-28.652_153.628,1220018400,2008-08-29T14:00:00+00:00,MSL,-0.8891409301757812,1.1658721160888672
2008.07.30_-37.471_144.785,1217340000,2008-07-29T14:00:00+00:00,MSL,-0.6694382476806641,0.5948576736450195
2008.05.10_-35.027_117.884,1210348800,2008-05-09T16:00:00+00:00,MSL,-0.5100648880004883,0.5887093353271484
2008.04.20_-31.186_152.913,1208613600,2008-04-19T14:00:00+00:00,MSL,-0.8722132110595703,1.1230684661865233
2008.04.17_-28.168_153.552,1208354400,2008-04-16T14:00:00+00:00,MSL,-0.8929218292236328,1.1779092407226563
2008.04.08_-28.873_153.59,1207576800,2008-04-07T14:00:00+00:00,MSL,-0.8866371154785156,1.1665674591064452
2008.02.07_-36.406_150.075,1202302800,2008-02-06T13:00:00+00:00,MSL,-0.833930892944336,0.9797919464111328
2008.01.27_-28.167_153.533,1201356000,2008-01-26T14:00:00+00:00,MSL,-0.8929218292236328,1.1779092407226563
2007.12.18_-32.679_152.176,1197896400,2007-12-17T13:00:00+00:00,MSL,-0.8727862548828125,1.0824812316894532
2007.12.15_-27.834_153.421,1197640800,2007-12-14T14:00:00+00:00,MSL,-0.8966831207275391,1.1896378326416015
2007.12.14_-33.892_151.261,1197550800,2007-12-13T13:00:00+00:00,MSL,-0.8615251159667969,1.0466612243652345
2007.11.18_-20.673_117.147,1195311600,2007-11-17T15:00:00+00:00,MSL,-2.817133483886719,2.773287658691406
2007.11.08_-28.636_153.634,1194440400,2007-11-07T13:00:00+00:00,MSL,-0.8891409301757812,1.1658721160888672
2007.10.15_-28.647_153.602,1192370400,2007-10-14T14:00:00+00:00,MSL,-0.8891409301757812,1.1658721160888672
2007.10.13_-10.601_142.231,1192197600,2007-10-12T14:00:00+00:00,MSL,-1.7100787353515625,1.8629246520996094
2007.07.19_-12.089_96.884,1184779800,2007-07-18T17:30:00+00:00,MSL,-0.5434947204589844,0.7452489471435547
2007.06.05_-33.37_151.486,1180965600,2007-06-04T14:00:00+00:00,MSL,-0.8683502197265625,1.0624525451660156
2007.05.12_-38.369_142.498,1178892000,2007-05-11T14:00:00+00:00,MSL,-0.6202348709106446,0.5843559646606445
2007.05.08_-28.252_153.575,1178546400,2007-05-07T14:00:00+00:00,MSL,-0.8898392486572265,1.171876449584961
2007.04.26_-16.517_139.406,1177509600,2007-04-25T14:00:00+00:00,MSL,-1.7191497802734375,1.8301387023925781
2007.03.20_-28.498_153.547,1174309200,2007-03-19T13:00:00+00:00,MSL,-0.8889581298828125,1.1653212738037109
2007.03.12_-24.85_152.351,1173621600,2007-03-11T14:00:00+00:00,MSL,-1.447738037109375,1.7263267517089844
2007.02.03_-33.37_151.486,1170421200,2007-02-02T13:00:00+00:00,MSL,-0.8683502197265625,1.0624525451660156
2007.01.23_-37.502_149.978,1169470800,2007-01-22T13:00:00+00:00,MSL,-0.8365538024902344,0.9591891479492187
2007.01.19_-28.556_153.544,1169125200,2007-01-18T13:00:00+00:00,MSL,-0.8889581298828125,1.1653212738037109
2007.01.09_-32.387_152.523,1168261200,2007-01-08T13:00:00+00:00,MSL,-0.8732183837890625,1.0996175384521485
2006.12.18_-38.368_144.285,1166360400,2006-12-17T13:00:00+00:00,MSL,-1.4305735778808595,1.2872817993164063
2006.08.29_-35.848_137.751,1156775400,2006-08-28T14:30:00+00:00,MSL,-0.5675564575195312,0.7531685638427734
2006.06.05_-35.6_138.496,1149431400,2006-06-04T14:30:00+00:00,MSL,-0.549876937866211,0.7171044158935547
2006.05.02_-26.791_153.139,1146492000,2006-05-01T14:00:00+00:00,MSL,-0.9471244049072266,1.2240269470214844
2006.04.11_-32.931_151.786,1144677600,2006-04-10T14:00:00+00:00,MSL,-0.8734986114501954,1.0784809112548828
2006.03.15_-33.892_151.261,1142341200,2006-03-14T13:00:00+00:00,MSL,-0.8615251159667969,1.0466612243652345
2006.02.13_-26.799_153.133,1139752800,2006-02-12T14:00:00+00:00,MSL,-0.9471244049072266,1.2240269470214844
2006.02.12_-25.257_152.818,1139666400,2006-02-11T14:00:00+00:00,MSL,-1.7324461364746093,1.9905058288574218
2006.02.12_-35.024_138.517,1139664600,2006-02-11T13:30:00+00:00,MSL,-1.1855183410644532,1.3907000732421875
2006.01.15_-31.934_115.764,1137254400,2006-01-14T16:00:00+00:00,MSL,-0.43631591796875,0.46526737213134767
2006.01.07_-27.397_153.454,1136556000,2006-01-06T14:00:00+00:00,MSL,-1.3414436340332032,1.606509246826172
2005.12.11_-16.101_145.838,1134223200,2005-12-10T14:00:00+00:00,MSL,-1.4315730285644532,1.4921688842773437
2005.12.05_-34.58_138.482,1133703000,2005-12-04T13:30:00+00:00,MSL,-1.3927157592773438,1.5918521118164062
2005.11.25_-37.835_144.96,1132837200,2005-11-24T13:00:00+00:00,MSL,-0.6727967071533203,0.5962227249145508
2005.11.25_-38.474_145.022,1132837200,2005-11-24T13:00:00+00:00,MSL,-1.540248565673828,1.4043951416015625
2005.09.27_-33.981_151.243,1127743200,2005-09-26T14:00:00+00:00,MSL,-0.8599078369140625,1.0429801177978515
2005.09.24_-35.775_137.214,1127485800,2005-09-23T14:30:00+00:00,MSL,-0.4745694351196289,0.7141273498535157
2005.09.23_-31.894_115.755,1127404800,2005-09-22T16:00:00+00:00,MSL,-0.4369647216796875,0.4655389404296875
2005.09.07_-30.29_153.119,1126015200,2005-09-06T14:00:00+00:00,MSL,-0.875968246459961,1.1318302154541016
2005.09.04_-34.914_135.686,1125757800,2005-09-03T14:30:00+00:00,MSL,-0.5190165710449218,0.7080857849121094
2005.08.24_-34.982_138.516,1124807400,2005-08-23T14:30:00+00:00,MSL,-1.1855183410644532,1.3907000732421875
2005.05.15_-19.259_146.817,1116079200,2005-05-14T14:00:00+00:00,MSL,-1.782685546875,1.8890960693359375
2005.04.25_-36.443_150.061,1114351200,2005-04-24T14:00:00+00:00,MSL,-0.8329440307617187,0.9778659820556641
2005.04.17_-34.921_150.723,1113660000,2005-04-16T14:00:00+00:00,MSL,-0.8516280364990234,1.0206987762451172
2005.04.16_-12.111_136.811,1113575400,2005-04-15T14:30:00+00:00,MSL,-1.5329310607910156,1.3192037963867187
2005.04.16_-33.905_151.261,1113573600,2005-04-15T14:00:00+00:00,MSL,-0.8615251159667969,1.0466612243652345
2005.02.26_-26.895_152.319,1109340000,2005-02-25T14:00:00+00:00,MSL,-0.941897201538086,1.2162120056152343
2005.01.19_-38.173_144.873,1106053200,2005-01-18T13:00:00+00:00,MSL,-0.6526578521728515,0.5670961380004883
2005.01.14_-38.36_144.769,1105621200,2005-01-13T13:00:00+00:00,MSL,-1.4798466491699218,1.3315963745117188
2004.12.16_-34.945_138.504,1103117400,2004-12-15T13:30:00+00:00,MSL,-1.1855183410644532,1.3907000732421875
2004.12.11_-16.21_145.881,1102687200,2004-12-10T14:00:00+00:00,MSL,-1.4089253234863282,1.4695628356933594
2004.10.21_-32.805_151.961,1098280800,2004-10-20T14:00:00+00:00,MSL,-0.8735684204101563,1.0794224548339844
2004.09.25_-16.416_145.771,1096034400,2004-09-24T14:00:00+00:00,MSL,-1.4930741882324219,1.5499710083007812
2004.08.03_-28.647_153.602,1091455200,2004-08-02T14:00:00+00:00,MSL,-0.8891409301757812,1.1658721160888672
2004.07.19_-31.874_115.753,1090166400,2004-07-18T16:00:00+00:00,MSL,-0.4369647216796875,0.4655389404296875
2004.07.10_-33.875_114.986,1089388800,2004-07-09T16:00:00+00:00,MSL,-0.4978323745727539,0.5088227462768554
2004.06.26_-31.929_115.755,1088179200,2004-06-25T16:00:00+00:00,MSL,-0.43631591796875,0.46526737213134767
2004.06.10_-33.321_115.638,1086796800,2004-06-09T16:00:00+00:00,MSL,-0.4827304458618164,0.4932203674316406
2004.04.26_-32.181_152.512,1082901600,2004-04-25T14:00:00+00:00,MSL,-0.8735292816162109,1.1116001892089844
2004.03.06_34.52_-105.87,1078556400,2004-03-06T07:00:00+00:00,MSL,-3.4584860229492187,3.4763803100585937
2004.02.21_-31.967_152.583,1077282000,2004-02-20T13:00:00+00:00,MSL,-0.8756861114501953,1.1142408752441406
2004.02.16_-28.179_153.537,1076853600,2004-02-15T14:00:00+00:00,MSL,-0.8929218292236328,1.1779092407226563
2004.02.11_-33.106_151.645,1076418000,2004-02-10T13:00:00+00:00,MSL,-0.8721678924560546,1.0741928100585938
2004.01.25_-33.136_115.721,1074960000,2004-01-24T16:00:00+00:00,MSL,-0.4746941375732422,0.4866054916381836
2004.01.12_-34.597_150.9,1073826000,2004-01-11T13:00:00+00:00,MSL,-0.854715576171875,1.0285357666015624
2003.12.08_-38.271_144.559,1070802000,2003-12-07T13:00:00+00:00,MSL,-1.4748703002929688,1.3302980041503907
2003.11.30_-33.961_115.077,1070121600,2003-11-29T16:00:00+00:00,MSL,-0.5069694137573242,0.5164125823974609
2003.11.30_-33.961_115.077,1070121600,2003-11-29T16:00:00+00:00,MSL,-0.5069694137573242,0.5164125823974609
2003.11.01_-32.435_152.526,1067605200,2003-10-31T13:00:00+00:00,MSL,-0.872464370727539,1.0950189971923827
2003.10.31_-32.444_152.528,1067518800,2003-10-30T13:00:00+00:00,MSL,-0.872464370727539,1.0950189971923827
2003.07.26_-12.182_136.782,1059143400,2003-07-25T14:30:00+00:00,MSL,-1.5030288696289062,1.2797521209716798
2003.02.15_-35.5_138.5,1045229400,2003-02-14T13:30:00+00:00,MSL,-0.549876937866211,0.7171044158935547
2003.02.11_-33.92_151.25,1044882000,2003-02-10T13:00:00+00:00,MSL,-0.8606995391845703,1.0447637939453125
2003.02.08_-28.088_153.441,1044626400,2003-02-07T14:00:00+00:00,MSL,-0.8965574645996094,1.1849622344970703
2003.01.02_-33.892_135.189,1041435000,2003-01-01T15:30:00+00:00,MSL,-0.5914170455932617,0.7930126190185547
2002.12.29_-16.672_145.933,1041084000,2002-12-28T14:00:00+00:00,MSL,-1.4780116271972656,1.5365602111816405
2002.12.21_44.954_-93.09,1040450400,2002-12-21T06:00:00+00:00,MSL,-3.4746435546875,3.134934387207031
2002.12.20_-26.823_153.118,1040306400,2002-12-19T14:00:00+00:00,MSL,-0.9471244049072266,1.2240269470214844
2002.12.16_-28.077_153.437,1039960800,2002-12-15T14:00:00+00:00,MSL,-0.8965574645996094,1.1849622344970703
2002.06.20_-26.407_153.105,1024549200,2002-06-20T05:00:00+00:00,MSL,-0.942259292602539,1.2168733978271484
2002.05.07_-12.463_130.846,1020695400,2002-05-06T14:30:00+00:00,MSL,-4.147141418457031,3.76570556640625
2002.04.30_-32.373_133.936,1020090600,2002-04-29T14:30:00+00:00,MSL,-0.7576908874511719,1.0119330596923828
2002.04.21_-31.433_152.9,1019311200,2002-04-20T14:00:00+00:00,MSL,-0.8706361389160157,1.1227922058105468
2002.04.12_-32.94_151.768,1018533600,2002-04-11T14:00:00+00:00,MSL,-0.8734986114501954,1.0784809112548828
2002.02.16_-26.407_153.105,1013781600,2002-02-15T14:00:00+00:00,MSL,-0.942259292602539,1.2168733978271484
2002.02.07_-33.834_151.092,1013000400,2002-02-06T13:00:00+00:00,MSL,-0.8621099853515625,1.0487445831298827
2002.01.30_-32.75_152.163,1012309200,2002-01-29T13:00:00+00:00,MSL,-0.8727862548828125,1.0824812316894532
2002.01.30_-33.306_115.788,1012320000,2002-01-29T16:00:00+00:00,MSL,-0.4827304458618164,0.4932203674316406
2001.12.21_-31.951_115.86,1008864000,2001-12-20T16:00:00+00:00,MSL,-0.43631591796875,0.46526737213134767
2001.11.23_-28.842_153.602,1006434000,2001-11-22T13:00:00+00:00,MSL,-0.8868402099609375,1.1673131561279297
2001.11.07_-32.028_115.75,1005062400,2001-11-06T16:00:00+00:00,MSL,-0.435899543762207,0.46491676330566406
2001.10.02_-20.918_142.703,1001944800,2001-10-01T14:00:00+00:00,MSL,-2.096474304199219,2.3064971923828126
2001.09.30_-27.312_153.345,1001772000,2001-09-29T14:00:00+00:00,MSL,-1.305577392578125,1.5723896789550782
2001.06.09_-31.555_159.082,992007000,2001-06-08T13:30:00+00:00,MSL,-0.965145492553711,1.1319964599609376
2001.05.04_-33.269_151.556,988898400,2001-05-03T14:00:00+00:00,MSL,-0.8700106048583984,1.067514877319336
2001.04.08_-33.905_151.261,986652000,2001-04-07T14:00:00+00:00,MSL,-0.8615251159667969,1.0466612243652345
2001.04.02_-30.642_152.998,986133600,2001-04-01T14:00:00+00:00,MSL,-0.8769152069091797,1.1307488250732423
2001.02.26_-35.027_117.884,983116800,2001-02-25T16:00:00+00:00,MSL,-0.5100648880004883,0.5887093353271484
2001.02.04_-29.643_153.307,981226800,2001-02-03T19:00:00+00:00,MSL,-0.8867608642578125,1.1520135498046875
2001.01.24_-30.884_153.04,980265600,2001-01-23T16:00:00+00:00,MSL,-0.8745317077636718,1.1258845520019531
2001.01.21_-34.928_138.601,979997400,2001-01-20T13:30:00+00:00,MSL,-1.1855183410644532,1.3907000732421875
2000.12.24_-21.018_144.434,977612400,2000-12-23T23:00:00+00:00,MSL,-1.8831201171875,1.982896270751953
2000.12.11_-34.497_137.483,976473000,2000-12-10T18:30:00+00:00,MSL,-0.6183130264282226,0.8376337432861328
2000.12.03_-23.44_152.04,975765600,2000-12-02T14:00:00+00:00,MSL,-1.3267201232910155,1.6546908569335939
2000.11.21_-18.616_146.497,974728800,2000-11-20T14:00:00+00:00,MSL,-1.7670964050292968,1.8658883666992188
2000.11.20_-32.131_133.682,974640600,2000-11-19T13:30:00+00:00,MSL,-0.7817691040039062,1.0322600555419923
2000.11.06_-32.014_115.763,973440000,2000-11-05T16:00:00+00:00,MSL,-0.435899543762207,0.46491676330566406
2000.11.06_-32.014_115.763,973440000,2000-11-05T16:00:00+00:00,MSL,-0.435899543762207,0.46491676330566406
2000.10.29_-27.501_153.348,972741600,2000-10-28T14:00:00+00:00,MSL,-1.4301530456542968,1.6819700622558593
2000.09.25_-34.611_137.877,969823800,2000-09-24T19:30:00+00:00,MSL,-1.4333395385742187,1.6452021789550781
2000.09.18_-34.428_150.893,969195600,2000-09-17T13:00:00+00:00,MSL,-0.8554792785644532,1.032839813232422
2000.03.30_-27.963_153.426,954338400,2000-03-29T14:00:00+00:00,MSL,-0.8968606567382813,1.1874234771728516
2000.03.14_-33.497_151.411,952952400,2000-03-13T13:00:00+00:00,MSL,-0.8670728302001953,1.057611846923828
2000.03.10_-33.834_151.092,952606800,2000-03-09T13:00:00+00:00,MSL,-0.8621099853515625,1.0487445831298827
2000.03.09_-33.834_151.092,952520400,2000-03-08T13:00:00+00:00,MSL,-0.8621099853515625,1.0487445831298827
2000.03.02_-33.846_151.24,951915600,2000-03-01T13:00:00+00:00,MSL,-0.8615251159667969,1.0466612243652345
1999.05.29_-34.889_137.458,927901800,1999-05-28T14:30:00+00:00,MSL,-0.6115230178833008,0.8226993560791016
1999.02.23_-30.749_152.994,919692000,1999-02-22T14:00:00+00:00,MSL,-0.8760198974609374,1.1284033966064453
1998.12.22_-35.512_138.719,914247000,1998-12-21T13:30:00+00:00,MSL,-0.5677129745483398,0.7340298461914062
1998.12.15_-35.512_138.719,913642200,1998-12-14T13:30:00+00:00,MSL,-0.5677129745483398,0.7340298461914062
1998.06.28_-35.33_136.118,898965000,1998-06-27T16:30:00+00:00,MSL,-0.5057203292846679,0.7019461059570312
1998.01.28_-33.613_151.33,885909600,1998-01-27T14:00:00+00:00,MSL,-0.8662629699707032,1.0545095825195312
1998.01.17_-35.512_138.719,884957400,1998-01-16T13:30:00+00:00,MSL,-0.5677129745483398,0.7340298461914062
1997.11.09_-35.027_117.884,879004800,1997-11-08T16:00:00+00:00,MSL,-0.5100648880004883,0.5887093353271484
1997.11.05_-33.993_151.175,878652000,1997-11-04T14:00:00+00:00,MSL,-0.8590452575683594,1.0404325103759766
1997.10.28_-32.014_115.763,877968000,1997-10-27T16:00:00+00:00,MSL,-0.435899543762207,0.46491676330566406
1997.07.27_-26.648_153.103,869925600,1997-07-26T14:00:00+00:00,MSL,-0.9415785980224609,1.215576171875
1997.02.28_-28.021_153.362,857073600,1997-02-27T20:00:00+00:00,MSL,-0.8968395233154297,1.1862823486328125
1997.02.28_-20.352_148.957,857073600,1997-02-27T20:00:00+00:00,MSL,-2.0532640075683593,2.549216613769531
1997.02.03_-33.864_151.158,854888400,1997-02-02T13:00:00+00:00,MSL,-0.8615251159667969,1.0466612243652345
1997.01.25_-20.282_149.039,854136000,1997-01-24T20:00:00+00:00,MSL,-1.8512677001953124,2.3189714050292967
1997.01.20_-28.78_114.614,853689600,1997-01-19T16:00:00+00:00,MSL,-0.4808120346069336,0.5025665283203125
1997.01.01_-38.526_145.1,852040800,1996-12-31T14:00:00+00:00,MSL,-1.5442979431152344,1.4182986450195312
1996.12.29_-26.528_153.074,851781600,1996-12-28T14:00:00+00:00,MSL,-0.9415087890625,1.2157884979248046
1996.06.06_-38.421_145.075,833983200,1996-06-05T14:00:00+00:00,MSL,-1.3978221130371093,1.2895372009277344
1996.05.24_-33.891_151.277,832860000,1996-05-23T14:00:00+00:00,MSL,-0.8615251159667969,1.0466612243652345
1996.04.25_-33.676_151.307,830354400,1996-04-24T14:00:00+00:00,MSL,-0.8651046752929688,1.0526553344726564
1996.04.25_-33.676_151.307,830354400,1996-04-24T14:00:00+00:00,MSL,-0.8651046752929688,1.0526553344726564
1996.03.05_-23.442_151.915,825948000,1996-03-04T14:00:00+00:00,MSL,-1.4514231872558594,1.7735586547851563
1996.02.26_-33.834_151.092,825253200,1996-02-25T13:00:00+00:00,MSL,-0.8621099853515625,1.0487445831298827
1996.02.04_-31.518_159.065,823366800,1996-02-03T17:00:00+00:00,MSL,-0.9654060363769531,1.1319239044189453
1996.01.22_-20.918_142.703,822243600,1996-01-21T17:00:00+00:00,MSL,-2.096474304199219,2.3064971923828126
1996.01.14_-35.051_117.693,821548800,1996-01-13T16:00:00+00:00,MSL,-0.5038011169433594,0.5692407608032226
1996.01.12_-34.485_150.9,821379600,1996-01-11T17:00:00+00:00,MSL,-0.8555808258056641,1.0318485260009767
1995.11.17_-23.126_150.974,816530400,1995-11-16T14:00:00+00:00,MSL,-2.4408282470703124,2.685428466796875
1995.10.11_-25.281_152.829,813344400,1995-10-10T17:00:00+00:00,MSL,-1.7324461364746093,1.9905058288574218
1995.09.11_-34.991_117.345,810748800,1995-09-10T16:00:00+00:00,MSL,-0.5060247421264649,0.5597885131835938
1995.04.09_-36.964_149.89,797349600,1995-04-08T14:00:00+00:00,MSL,-0.8262991333007812,0.9764668273925782
1995.03.21_-33.863_151.241,795708000,1995-03-20T14:00:00+00:00,MSL,-0.8615251159667969,1.0466612243652345
1994.12.09_-18.292_146.244,786895200,1994-12-08T14:00:00+00:00,MSL,-1.668816375732422,1.7502288818359375
1994.01.12_-35.027_117.884,758314800,1994-01-11T19:00:00+00:00,MSL,-0.5100648880004883,0.5887093353271484
1994.01.09_-27.55_152.822,758037600,1994-01-08T14:00:00+00:00,MSL,-1.3722163391113282,1.6310612487792968
1993.11.21_-18.086_122.283,753811200,1993-11-20T16:00:00+00:00,MSL,-4.932205505371094,4.991068115234375
1993.08.14_-32.006_115.507,745257600,1993-08-13T16:00:00+00:00,MSL,-0.43395423889160156,0.46272380828857423
1993.06.09_-28.644_153.615,739580400,1993-06-08T23:00:00+00:00,MSL,-0.8891409301757812,1.1658721160888672
1993.06.05_-40.942_146.985,739213200,1993-06-04T17:00:00+00:00,MSL,-1.8236550903320312,1.55302734375
1993.02.04_-26.682_153.118,728780400,1993-02-03T23:00:00+00:00,MSL,-0.941897201538086,1.2162120056152343
1992.10.15_-33.63_151.33,719071200,1992-10-14T14:00:00+00:00,MSL,-0.8662629699707032,1.0545095825195312
1992.10.01_-27.027_153.451,717872400,1992-09-30T17:00:00+00:00,MSL,-0.9385224914550782,1.213893814086914
1992.03.10_-38.283_144.6,700149600,1992-03-09T14:00:00+00:00,MSL,-1.4889448547363282,1.3381590270996093
1992.02.09_-42.989_147.522,697557600,1992-02-08T14:00:00+00:00,MSL,-0.7650376892089844,0.7426953125
1992.01.29_-28.179_153.537,696607200,1992-01-28T14:00:00+00:00,MSL,-0.8929218292236328,1.1779092407226563
1991.09.08_-35.271_138.444,684253800,1991-09-07T14:30:00+00:00,MSL,-1.0662067413330079,1.2681533813476562
1991.08.30_-27.47_153.025,683474400,1991-08-29T14:00:00+00:00,MSL,-1.3722163391113282,1.6310612487792968
1991.03.03_-34.596_150.902,667933200,1991-03-02T17:00:00+00:00,MSL,-0.854715576171875,1.0285357666015624
1991.01.19_-28.048_153.422,664207200,1991-01-18T14:00:00+00:00,MSL,-0.8965574645996094,1.1849622344970703
1991.01.09_-31.898_115.772,663350400,1991-01-08T16:00:00+00:00,MSL,-0.4369647216796875,0.4655389404296875
1990.11.28_-28.004_153.371,659714400,1990-11-27T14:00:00+00:00,MSL,-0.8968395233154297,1.1862823486328125
1990.10.27_-28.048_153.422,656949600,1990-10-26T14:00:00+00:00,MSL,-0.8965574645996094,1.1849622344970703
1990.10.25_-35.512_138.762,656807400,1990-10-24T22:30:00+00:00,MSL,-0.5677129745483398,0.7340298461914062
1990.05.10_-16.484_145.461,642294000,1990-05-09T23:00:00+00:00,MSL,-1.5141259765625,1.5655091857910157
1990.05.10_-16.484_145.461,642294000,1990-05-09T23:00:00+00:00,MSL,-1.5141259765625,1.5655091857910157
1990.04.09_-28.164_153.548,639594000,1990-04-08T17:00:00+00:00,MSL,-0.8929218292236328,1.1779092407226563
1990.04.07_-28.2_153.567,639421200,1990-04-06T17:00:00+00:00,MSL,-0.8929218292236328,1.1779092407226563
1990.04.06_-28.2_153.567,639334800,1990-04-05T17:00:00+00:00,MSL,-0.8929218292236328,1.1779092407226563
1989.12.03_-12.333_136.817,628619400,1989-12-02T16:30:00+00:00,MSL,-1.0616089630126953,0.8320231628417969
1989.10.29_-14.181_132.191,625595400,1989-10-28T16:30:00+00:00,MSL,-3.56570556640625,3.13652587890625
1989.10.22_-41.435_148.277,625003200,1989-10-21T20:00:00+00:00,MSL,-0.78192626953125,0.8107575988769531
1989.08.06_-27.312_153.345,618328800,1989-08-05T14:00:00+00:00,MSL,-1.305577392578125,1.5723896789550782
1989.03.04_-18.086_122.283,604944000,1989-03-03T16:00:00+00:00,MSL,-4.932205505371094,4.991068115234375
1988.10.06_-36.121_144.753,592095600,1988-10-05T23:00:00+00:00,MSL,-0.6694382476806641,0.5948576736450195
1987.12.13_-35.081_150.489,566348400,1987-12-12T23:00:00+00:00,MSL,-0.8454113006591797,1.0022213745117188
1987.09.18_-35.05_138.517,558887400,1987-09-17T14:30:00+00:00,MSL,-1.1855183410644532,1.3907000732421875
1987.03.30_-33.887_121.842,544032000,1987-03-29T16:00:00+00:00,MSL,-0.5071339035034179,0.6419744110107422
1986.10.01_-12.189_96.829,528485400,1986-09-30T17:30:00+00:00,MSL,-0.5301886367797851,0.7357704162597656
1986.08.03_-33.833_151.28,523375200,1986-08-02T14:00:00+00:00,MSL,-0.8621099853515625,1.0487445831298827
1986.07.26_-32.006_115.507,522691200,1986-07-25T16:00:00+00:00,MSL,-0.43395423889160156,0.46272380828857423
1986.05.18_-33.833_151.28,516722400,1986-05-17T14:00:00+00:00,MSL,-0.8621099853515625,1.0487445831298827
1985.11.11_-23.842_151.25,500490000,1985-11-10T17:00:00+00:00,MSL,-1.798040771484375,2.0909095764160157
1984.11.30_-21.063_149.188,470595600,1984-11-29T17:00:00+00:00,MSL,-2.879048156738281,3.286544189453125
1982.03.07_-28.652_153.628,384300000,1982-03-06T22:00:00+00:00,MSL,-0.8891409301757812,1.1658721160888672
1982.02.28_-43.63_146.79,383677200,1982-02-27T17:00:00+00:00,MSL,-0.6317258071899414,0.5426812362670899
1981.12.13_-16.76_145.974,377024400,1981-12-12T17:00:00+00:00,MSL,-1.4712841796875,1.5310989379882813
1981.02.16_-32.025_115.75,351100800,1981-02-15T16:00:00+00:00,MSL,-0.435899543762207,0.46491676330566406
1981.02.07_-32.015_115.531,350323200,1981-02-06T16:00:00+00:00,MSL,-0.43395423889160156,0.46272380828857423
1979.09.14_-28.647_153.602,306111600,1979-09-13T23:00:00+00:00,MSL,-0.8891409301757812,1.1658721160888672
1978.12.29_-26.986_153.133,283701600,1978-12-28T14:00:00+00:00,MSL,-1.0063587951660156,1.2861912536621094
1978.09.02_-43.17_147.44,273506400,1978-09-01T14:00:00+00:00,MSL,-0.7401680755615234,0.7195792388916016
1977.08.23_-26.386_153.092,241138800,1977-08-22T23:00:00+00:00,MSL,-0.9437657165527343,1.2187022399902343
1977.05.16_-27.974_153.418,232585200,1977-05-15T23:00:00+00:00,MSL,-0.8968395233154297,1.1862823486328125
1977.04.26_-28.149_153.418,230857200,1977-04-25T23:00:00+00:00,MSL,-0.896119613647461,1.1835131072998046
1977.03.13_-27.087_153.415,227023200,1977-03-12T14:00:00+00:00,MSL,-1.0166887664794921,1.29576171875
1977.03.13_-27.087_153.415,227023200,1977-03-12T14:00:00+00:00,MSL,-1.0166887664794921,1.29576171875
1977.03.13_-27.087_153.415,227023200,1977-03-12T14:00:00+00:00,MSL,-1.0166887664794921,1.29576171875
1977.02.26_-28.273_153.581,225756000,1977-02-25T22:00:00+00:00,MSL,-0.8898392486572265,1.171876449584961
1977.02.04_-38.347_144.728,223855200,1977-02-03T22:00:00+00:00,MSL,-1.4798466491699218,1.3315963745117188
1976.12.29_-26.799_153.133,220662000,1976-12-28T23:00:00+00:00,MSL,-0.9471244049072266,1.2240269470214844
1976.11.26_-27.967_153.416,217807200,1976-11-25T22:00:00+00:00,MSL,-0.8968606567382813,1.1874234771728516
1976.06.01_-27.532_153.463,202399200,1976-05-31T14:00:00+00:00,MSL,-0.8956623840332031,1.1910102081298828
1975.12.29_-34.982_138.516,189016200,1975-12-28T16:30:00+00:00,MSL,-1.1855183410644532,1.3907000732421875
1975.12.02_-28.17_153.543,186703200,1975-12-01T22:00:00+00:00,MSL,-0.8929218292236328,1.1779092407226563
1975.11.19_-33.782_151.285,185547600,1975-11-18T13:00:00+00:00,MSL,-0.8621099853515625,1.0487445831298827
1975.11.07_-27.435_153.53,184514400,1975-11-06T14:00:00+00:00,MSL,-0.8984606170654297,1.1843009185791016
1975.10.12_-28.8_153.583,182300400,1975-10-11T23:00:00+00:00,MSL,-0.8868402099609375,1.1673131561279297
1975.07.30_-43.358_147.363,175885200,1975-07-29T17:00:00+00:00,MSL,-0.7287720489501953,0.7010920715332031
1975.07.26_-26.65_153.1,175561200,1975-07-25T23:00:00+00:00,MSL,-0.9415785980224609,1.215576171875
1975.07.05_-31.045_115.353,173754000,1975-07-05T01:00:00+00:00,MSL,-0.43727550506591795,0.46136276245117186
1975.03.18_-16.517_139.406,164329200,1975-03-17T23:00:00+00:00,MSL,-1.7191497802734375,1.8301387023925781
1975.03.13_-27.96_153.425,163897200,1975-03-12T23:00:00+00:00,MSL,-0.8968606567382813,1.1874234771728516
1975.02.09_-38.41_144.183,161128800,1975-02-08T22:00:00+00:00,MSL,-1.3959831237792968,1.2585010528564453
1975.02.07_-28.133_153.5,160956000,1975-02-06T22:00:00+00:00,MSL,-0.896119613647461,1.1835131072998046
1974.12.10_-33.625_115.32,155865600,1974-12-10T00:00:00+00:00,MSL,-0.48667823791503906,0.49749755859375
1974.09.01_-27.731_153.443,147222000,1974-08-31T23:00:00+00:00,MSL,-0.8967983245849609,1.191918258666992
1973.11.25_-31.896_115.958,123004800,1973-11-24T16:00:00+00:00,MSL,-0.4369647216796875,0.4655389404296875
1973.11.03_-17.563_139.448,121129200,1973-11-02T23:00:00+00:00,MSL,-2.134238586425781,2.191764678955078
1973.08.27_-16.744_145.671,115221600,1973-08-26T14:00:00+00:00,MSL,-1.49503173828125,1.5479745483398437
1973.08.25_-27.435_153.53,115048800,1973-08-24T14:00:00+00:00,MSL,-0.8984606170654297,1.1843009185791016
1972.12.22_-28.133_153.5,93823200,1972-12-21T22:00:00+00:00,MSL,-0.896119613647461,1.1835131072998046
1972.12.08_-33.87_151.202,92581200,1972-12-07T13:00:00+00:00,MSL,-0.8615251159667969,1.0466612243652345
1972.10.21_-35.417_150.42,88470000,1972-10-20T23:00:00+00:00,MSL,-0.8445355987548828,1.0007139587402343
1972.06.26_-20.918_142.703,78361200,1972-06-25T23:00:00+00:00,MSL,-2.096474304199219,2.3064971923828126
1972.06.26_-20.918_142.703,78361200,1972-06-25T23:00:00+00:00,MSL,-2.096474304199219,2.3064971923828126
1972.04.01_-27.487_153.239,70898400,1972-03-31T14:00:00+00:00,MSL,-1.419542999267578,1.6726280212402345
1972.02.20_-38.933_146.367,67388400,1972-02-19T23:00:00+00:00,MSL,-1.2579429626464844,1.0033345794677735
1972.02.12_-42.98_145.56,66697200,1972-02-11T23:00:00+00:00,MSL,-0.5916218948364258,0.47566741943359375
1971.12.23_-30.924_153.089,62290800,1971-12-22T23:00:00+00:00,MSL,-0.8739431762695312,1.1252825164794922
1971.12.05_-23.842_151.25,60714000,1971-12-04T17:00:00+00:00,MSL,-1.798040771484375,2.0909095764160157
1971.11.25_-33.87_151.202,59839200,1971-11-24T14:00:00+00:00,MSL,-0.8615251159667969,1.0466612243652345
1971.08.21_-33.806_151.295,51544800,1971-08-20T14:00:00+00:00,MSL,-0.8621099853515625,1.0487445831298827
1970.09.02_-33.87_151.202,21045600,1970-09-01T14:00:00+00:00,MSL,-0.8615251159667969,1.0466612243652345
1969.11.30_-31.896_115.958,-2793600,1969-11-29T16:00:00+00:00,MSL,-0.4369647216796875,0.4655389404296875
1969.11.05_-33.87_151.202,-4960800,1969-11-04T14:00:00+00:00,MSL,-0.8615251159667969,1.0466612243652345
1969.05.14_-23.267_151.935,-20048400,1969-05-13T23:00:00+00:00,MSL,-1.4558251953125,1.7906266784667968
1969.03.25_-32.928_151.782,-24390000,1969-03-24T17:00:00+00:00,MSL,-0.8734986114501954,1.0784809112548828
1969.02.17_-42.948_147.349,-27511200,1969-02-16T14:00:00+00:00,MSL,-0.7515409088134766,0.7315374755859375
1969.01.27_-35.014_150.849,-29325600,1969-01-26T14:00:00+00:00,MSL,-0.8502462005615234,1.0175359344482422
1968.12.26_-33.795_151.285,-32090400,1968-12-25T14:00:00+00:00,MSL,-0.8621099853515625,1.0487445831298827
1968.04.07_-32.805_151.961,-54802800,1968-04-06T17:00:00+00:00,MSL,-0.8735684204101563,1.0794224548339844
1968.02.20_-31.896_115.958,-58867200,1968-02-19T16:00:00+00:00,MSL,-0.4369647216796875,0.4655389404296875
1968.02.02_-28.556_153.544,-60397200,1968-02-01T23:00:00+00:00,MSL,-0.8889581298828125,1.1653212738037109
1967.12.17_-38.314_144.668,-64458000,1967-12-16T23:00:00+00:00,MSL,-1.16514404296875,1.0017438507080079
1967.11.30_-34.428_150.893,-65926800,1967-11-29T23:00:00+00:00,MSL,-0.8554792785644532,1.032839813232422
1967.11.30_-28.0_153.417,-65926800,1967-11-29T23:00:00+00:00,MSL,-0.8968395233154297,1.1862823486328125
1967.08.10_-35.048_150.745,-75636000,1967-08-09T14:00:00+00:00,MSL,-0.8500952911376953,1.017432632446289
1967.03.12_-38.15_144.362,-88660800,1967-03-11T20:00:00+00:00,MSL,-0.6876174926757812,0.6239764022827149
1967.03.10_-33.872_151.278,-88855200,1967-03-09T14:00:00+00:00,MSL,-0.8615251159667969,1.0466612243652345
1966.12.31_-41.852_148.26,-94784400,1966-12-30T23:00:00+00:00,MSL,-0.7695146942138672,0.7838001251220703
1966.12.27_-30.884_153.04,-95130000,1966-12-26T23:00:00+00:00,MSL,-0.8745317077636718,1.1258845520019531
1966.12.27_-30.88_153.058,-95130000,1966-12-26T23:00:00+00:00,MSL,-0.8745317077636718,1.1258845520019531
1966.12.26_-33.919_151.256,-95248800,1966-12-25T14:00:00+00:00,MSL,-0.8606995391845703,1.0447637939453125
1966.09.13_-35.027_117.884,-104205600,1966-09-12T22:00:00+00:00,MSL,-0.5100648880004883,0.5887093353271484
1966.09.10_-31.979_115.533,-104486400,1966-09-09T16:00:00+00:00,MSL,-0.4342033767700195,0.463070182800293
1966.08.28_-12.508_130.859,-105615000,1966-08-27T14:30:00+00:00,MSL,-4.1810540771484375,3.7985003662109373
1966.05.20_-35.048_150.745,-114256800,1966-05-19T14:00:00+00:00,MSL,-0.8500952911376953,1.017432632446289
1966.05.20_-30.452_152.898,-114246000,1966-05-19T17:00:00+00:00,MSL,-0.8764799499511718,1.1311502838134766
1966.03.20_-33.95_151.244,-119527200,1966-03-19T14:00:00+00:00,MSL,-0.8606995391845703,1.0447637939453125
1966.02.27_-34.288_150.949,-121341600,1966-02-26T14:00:00+00:00,MSL,-0.8563024139404297,1.0347895050048828
1966.01.15_-34.367_150.917,-125024400,1966-01-14T23:00:00+00:00,MSL,-0.8556920623779297,1.033667755126953
1966.01.10_-32.129_115.767,-125481600,1966-01-09T16:00:00+00:00,MSL,-0.434217643737793,0.462952880859375
1965.12.28_-31.989_115.541,-126604800,1965-12-27T16:00:00+00:00,MSL,-0.4342033767700195,0.463070182800293
1965.11.21_-27.47_153.025,-129808800,1965-11-20T14:00:00+00:00,MSL,-1.3722163391113282,1.6310612487792968
1965.11.03_-16.591_145.519,-131353200,1965-11-02T17:00:00+00:00,MSL,-1.5120260620117187,1.564140625
1965.01.10_-37.842_144.932,-157024800,1965-01-09T14:00:00+00:00,MSL,-0.6727967071533203,0.5962227249145508
1964.12.10_-35.048_150.745,-159703200,1964-12-09T14:00:00+00:00,MSL,-0.8500952911376953,1.017432632446289
1964.11.29_-38.416_142.004,-160621200,1964-11-28T23:00:00+00:00,MSL,-0.5982156372070313,0.5898204421997071
1964.11.18_-28.2_153.567,-161571600,1964-11-17T23:00:00+00:00,MSL,-0.8929218292236328,1.1779092407226563
1964.03.28_-28.0_153.417,-181875600,1964-03-27T23:00:00+00:00,MSL,-0.8968395233154297,1.1862823486328125
1964.02.02_-27.47_153.025,-186660000,1964-02-01T14:00:00+00:00,MSL,-1.3722163391113282,1.6310612487792968
1964.01.18_-34.228_115.056,-187916400,1964-01-18T01:00:00+00:00,MSL,-0.5222898483276367,0.5324241256713867
1964.01.01_-31.748_115.773,-189417600,1963-12-31T16:00:00+00:00,MSL,-0.4383910369873047,0.4657600784301758
1963.12.26_-25.288_152.768,-189910800,1963-12-25T23:00:00+00:00,MSL,-1.7214851379394531,1.9810256958007812
1963.12.21_-30.113_153.184,-190364400,1963-12-20T17:00:00+00:00,MSL,-0.8839015960693359,1.1407501983642578
1963.12.08_-34.928_138.601,-191464200,1963-12-07T23:30:00+00:00,MSL,-1.1855183410644532,1.3907000732421875
1963.11.14_-28.044_153.437,-193539600,1963-11-13T23:00:00+00:00,MSL,-0.8965574645996094,1.1849622344970703
1963.09.13_-34.042_151.163,-198928800,1963-09-12T14:00:00+00:00,MSL,-0.8580573272705078,1.0385281372070312
1963.04.22_-29.432_153.365,-211338000,1963-04-21T23:00:00+00:00,MSL,-0.8917601013183594,1.165411376953125
1963.04.13_-33.673_115.031,-212108400,1963-04-13T01:00:00+00:00,MSL,-0.49070613861083984,0.4985894775390625
1963.02.24_-34.279_150.956,-216295200,1963-02-23T14:00:00+00:00,MSL,-0.8563024139404297,1.0347895050048828
1963.01.28_-33.783_151.223,-218628000,1963-01-27T14:00:00+00:00,MSL,-0.8621099853515625,1.0487445831298827
1963.01.26_-29.109_153.422,-218768400,1963-01-25T23:00:00+00:00,MSL,-0.8919248962402344,1.1726897430419922
1962.11.29_-33.869_151.209,-223812000,1962-11-28T14:00:00+00:00,MSL,-0.8615251159667969,1.0466612243652345
1962.11.25_-19.259_146.817,-224157600,1962-11-24T14:00:00+00:00,MSL,-1.782685546875,1.8890960693359375
1962.11.10_-34.674_150.844,-225453600,1962-11-09T14:00:00+00:00,MSL,-0.8550900268554688,1.027861328125
1962.10.14_-38.173_144.873,-227786400,1962-10-13T14:00:00+00:00,MSL,-0.6526578521728515,0.5670961380004883
1962.06.07_-34.998_117.938,-238914000,1962-06-06T19:00:00+00:00,MSL,-0.5118259811401367,0.5896477127075195
1962.04.20_-28.044_153.437,-243046800,1962-04-19T23:00:00+00:00,MSL,-0.8965574645996094,1.1849622344970703
1962.03.25_-33.282_151.579,-245293200,1962-03-24T23:00:00+00:00,MSL,-0.8700106048583984,1.067514877319336
1962.02.15_-27.179_153.373,-248608800,1962-02-14T14:00:00+00:00,MSL,-1.211520233154297,1.480725555419922
1962.02.04_-28.164_153.548,-249526800,1962-02-03T23:00:00+00:00,MSL,-0.8929218292236328,1.1779092407226563
1962.01.21_-34.057_151.152,-250768800,1962-01-20T14:00:00+00:00,MSL,-0.8580573272705078,1.0385281372070312
1962.01.14_-33.742_151.317,-251373600,1962-01-13T14:00:00+00:00,MSL,-0.8638314056396484,1.0511798858642578
1962.01.14_-28.8_153.583,-251341200,1962-01-13T23:00:00+00:00,MSL,-0.8868402099609375,1.1673131561279297
1962.01.11_-35.05_138.516,-251598600,1962-01-10T23:30:00+00:00,MSL,-1.1855183410644532,1.3907000732421875
1962.01.08_-34.542_150.858,-251859600,1962-01-07T23:00:00+00:00,MSL,-0.8554039764404296,1.0306138610839843
1962.01.07_-26.783_153.133,-251946000,1962-01-06T23:00:00+00:00,MSL,-0.9471244049072266,1.2240269470214844
1962.01.07_-33.869_151.209,-251978400,1962-01-06T14:00:00+00:00,MSL,-0.8615251159667969,1.0466612243652345
1962.01.02_-38.294_147.147,-252399600,1962-01-01T17:00:00+00:00,MSL,-0.8309941101074219,0.8198124694824219
1961.12.28_-21.074_149.228,-252831600,1961-12-27T17:00:00+00:00,MSL,-2.8742721557617186,3.2839862060546876
1961.12.28_-21.074_149.228,-252831600,1961-12-27T17:00:00+00:00,MSL,-2.8742721557617186,3.2839862060546876
1961.12.27_-31.852_115.751,-252921600,1961-12-26T16:00:00+00:00,MSL,-0.4369647216796875,0.4655389404296875
1961.12.13_-10.58_142.219,-254127600,1961-12-12T17:00:00+00:00,MSL,-1.7100787353515625,1.8629246520996094
1961.09.06_-17.964_122.23,-262598400,1961-09-05T16:00:00+00:00,MSL,-4.810763854980468,4.874821472167969
1961.07.07_-27.033_153.467,-267843600,1961-07-06T23:00:00+00:00,MSL,-0.9176569366455078,1.1918817138671876
1961.05.07_-31.661_115.696,-273139200,1961-05-06T16:00:00+00:00,MSL,-0.43866294860839844,0.4656050109863281
1961.04.25_-30.88_153.058,-274150800,1961-04-24T23:00:00+00:00,MSL,-0.8745317077636718,1.1258845520019531
1961.04.16_-34.217_151.0,-274960800,1961-04-15T14:00:00+00:00,MSL,-0.8565150451660156,1.035349349975586
1961.04.14_-30.642_152.998,-275122800,1961-04-13T17:00:00+00:00,MSL,-0.8769152069091797,1.1307488250732423
1961.04.03_-37.908_145.101,-276084000,1961-04-02T14:00:00+00:00,MSL,-0.6737160491943359,0.5940949249267579
1961.03.18_-38.397_142.473,-277434000,1961-03-17T23:00:00+00:00,MSL,-0.6202348709106446,0.5843559646606445
1961.02.17_-38.264_145.016,-279972000,1961-02-16T14:00:00+00:00,MSL,-0.665428695678711,0.5730949401855469
1961.02.01_-32.121_115.662,-281347200,1961-01-31T16:00:00+00:00,MSL,-0.433270263671875,0.46276256561279294
1961.01.15_-28.196_153.578,-282790800,1961-01-14T23:00:00+00:00,MSL,-0.8929218292236328,1.1779092407226563
1961.01.06_-12.467_130.85,-283599000,1961-01-05T14:30:00+00:00,MSL,-4.1810540771484375,3.7985003662109373
1960.12.27._-33.891_151.277,-284464800,1960-12-26T14:00:00+00:00,MSL,-0.8615251159667969,1.0466612243652345
1960.12.20_-26.895_152.319,-285037200,1960-12-19T23:00:00+00:00,MSL,-0.941897201538086,1.2162120056152343
1960.12.01_-27.557_152.803,-286711200,1960-11-30T14:00:00+00:00,MSL,-1.3722163391113282,1.6310612487792968
1960.11.27_-21.063_149.188,-287046000,1960-11-26T17:00:00+00:00,MSL,-2.879048156738281,3.286544189453125
1960.11.11_-27.252_153.11,-288439200,1960-11-10T14:00:00+00:00,MSL,-1.2671504974365235,1.5359280395507813
1960.11.06_-34.228_115.056,-288831600,1960-11-06T01:00:00+00:00,MSL,-0.5222898483276367,0.5324241256713867
1960.09.18_-35.094_117.95,-293065200,1960-09-18T01:00:00+00:00,MSL,-0.5062407684326172,0.5792779922485352
1960.04.22_-32.006_115.507,-305971200,1960-04-21T16:00:00+00:00,MSL,-0.43395423889160156,0.46272380828857423
1960.04.12_-30.884_153.039,-306810000,1960-04-11T23:00:00+00:00,MSL,-0.8745317077636718,1.1258845520019531
1960.04.10_-32.006_115.507,-307008000,1960-04-09T16:00:00+00:00,MSL,-0.43395423889160156,0.46272380828857423
1960.04.03_-38.192_145.095,-307620000,1960-04-02T14:00:00+00:00,MSL,-0.6751753997802734,0.5910877609252929
1960.04.03_-32.616_152.314,-307609200,1960-04-02T17:00:00+00:00,MSL,-0.8733307647705079,1.0862841796875
1960.02.29_-42.97_147.43,-310557600,1960-02-28T14:00:00+00:00,MSL,-0.7522332763671875,0.7324708557128906
1960.02.10._-33.891_151.277,-312199200,1960-02-09T14:00:00+00:00,MSL,-0.8615251159667969,1.0466612243652345
1960.02.07_-34.075_151.057,-312458400,1960-02-06T14:00:00+00:00,MSL,-0.8571477508544922,1.036616973876953
1960.01.16_-33.773_151.204,-314359200,1960-01-15T14:00:00+00:00,MSL,-0.8621099853515625,1.0487445831298827
1960.01.13_-28.78_114.614,-314611200,1960-01-12T16:00:00+00:00,MSL,-0.4808120346069336,0.5025665283203125
1960.01.07_-43.02_147.925,-315136800,1960-01-06T14:00:00+00:00,MSL,-0.6881099700927734,0.6772700500488281
1959.12.29_-27.252_153.11,-315914400,1959-12-28T14:00:00+00:00,MSL,-1.2671504974365235,1.5359280395507813
1959.12.28_-33.884_151.157,-316000800,1959-12-27T14:00:00+00:00,MSL,-0.8615251159667969,1.0466612243652345
1959.12.19_-27.444_153.174,-316778400,1959-12-18T14:00:00+00:00,MSL,-1.3722163391113282,1.6310612487792968
1959.12.11_-37.863_144.812,-317469600,1959-12-10T14:00:00+00:00,MSL,-0.6694382476806641,0.5948576736450195
1959.11.28_-28.077_153.447,-318560400,1959-11-27T23:00:00+00:00,MSL,-0.8965574645996094,1.1849622344970703
1959.11.22_-28.006_153.431,-319078800,1959-11-21T23:00:00+00:00,MSL,-0.8968395233154297,1.1862823486328125
1959.11.09_-31.951_115.86,-320227200,1959-11-08T16:00:00+00:00,MSL,-0.43631591796875,0.46526737213134767
1959.04.05_-34.315_150.91,-339069600,1959-04-04T14:00:00+00:00,MSL,-0.8556920623779297,1.033667755126953
1959.02.28_-38.173_144.873,-342180000,1959-02-27T14:00:00+00:00,MSL,-0.6526578521728515,0.5670961380004883
1959.01.31_-31.981_115.864,-344592000,1959-01-30T16:00:00+00:00,MSL,-0.435899543762207,0.46491676330566406
1959.01.25_-39.875_143.937,-345085200,1959-01-24T23:00:00+00:00,MSL,-0.5552006912231445,0.6086456298828125
1959.01.17_-43.163_147.855,-345808800,1959-01-16T14:00:00+00:00,MSL,-0.7193846893310547,0.6985523223876953
1958.11.23_-28.0_153.417,-350528400,1958-11-22T23:00:00+00:00,MSL,-0.8968395233154297,1.1862823486328125
1958.06.15_-16.76_145.974,-364460400,1958-06-14T17:00:00+00:00,MSL,-1.4712841796875,1.5310989379882813
1958.01.27_-35.207_150.552,-376480800,1958-01-26T14:00:00+00:00,MSL,-0.8454113006591797,1.0022213745117188
1958.01.19_-28.556_153.544,-377139600,1958-01-18T23:00:00+00:00,MSL,-0.8889581298828125,1.1653212738037109
1957.11.04_-30.749_152.994,-383727600,1957-11-03T17:00:00+00:00,MSL,-0.8760198974609374,1.1284033966064453
1957.07.09_-10.58_142.219,-393922800,1957-07-08T17:00:00+00:00,MSL,-1.7100787353515625,1.8629246520996094
1957.05.11_-32.66_152.152,-399020400,1957-05-10T17:00:00+00:00,MSL,-0.8727862548828125,1.0824812316894532
1957.04.23_-32.947_151.76,-400575600,1957-04-22T17:00:00+00:00,MSL,-0.8734986114501954,1.0784809112548828
1957.04.13_-10.591_142.221,-401439600,1957-04-12T17:00:00+00:00,MSL,-1.7100787353515625,1.8629246520996094
1956.06.28_-9.444_147.18,-426409200,1956-06-27T17:00:00+00:00,MSL,-1.3280241394042969,1.387957305908203
1956.03.11_-34.057_151.152,-435837600,1956-03-10T14:00:00+00:00,MSL,-0.8580573272705078,1.0385281372070312
1956.01.05_-33.888_151.281,-441540000,1956-01-04T14:00:00+00:00,MSL,-0.8615251159667969,1.0466612243652345
1955.02.05_-33.786_151.226,-470397600,1955-02-04T14:00:00+00:00,MSL,-0.8621099853515625,1.0487445831298827
1955.02.01._-33.834_151.092,-470743200,1955-01-31T14:00:00+00:00,MSL,-0.8621099853515625,1.0487445831298827
1955.01.17_-33.82_151.251,-472039200,1955-01-16T14:00:00+00:00,MSL,-0.8621099853515625,1.0487445831298827
1954.12.11_-38.283_144.6,-475214400,1954-12-10T20:00:00+00:00,MSL,-1.4889448547363282,1.3381590270996093
1954.06.27_-16.934_145.994,-489654000,1954-06-26T17:00:00+00:00,MSL,-1.4842828369140626,1.5453193664550782
1954.01.22_-10.254_142.481,-503128800,1954-01-21T18:00:00+00:00,MSL,-2.1785107421875,2.8709426879882813
1953.03.22_-33.742_151.317,-529581600,1953-03-21T14:00:00+00:00,MSL,-0.8638314056396484,1.0511798858642578
1953.03.19_-34.721_135.879,-529810200,1953-03-18T22:30:00+00:00,MSL,-0.616055793762207,0.8897213745117187
1953.01.20_-34.821_138.494,-534843000,1953-01-19T16:30:00+00:00,MSL,-1.3121221923828126,1.5130508422851563
1952.12.21_-38.015_140.582,-537435000,1952-12-20T16:30:00+00:00,MSL,-0.5611870574951172,0.6105692672729492
1951.12.16_-33.888_151.281,-569498400,1951-12-15T14:00:00+00:00,MSL,-0.8615251159667969,1.0466612243652345
1951.12.06_-32.947_151.76,-570351600,1951-12-05T17:00:00+00:00,MSL,-0.8734986114501954,1.0784809112548828
1951.09.02_-23.266_150.359,-578570400,1951-09-01T14:00:00+00:00,MSL,-2.6903497314453126,2.924502258300781
1951.03.26_-33.63_151.33,-592383600,1951-03-25T17:00:00+00:00,MSL,-0.8662629699707032,1.0545095825195312
1951.03.24_-33.869_151.209,-592556400,1951-03-23T17:00:00+00:00,MSL,-0.8615251159667969,1.0466612243652345
1951.02.01_-33.891_151.277,-596962800,1951-01-31T17:00:00+00:00,MSL,-0.8615251159667969,1.0466612243652345
1950.12.16_26.706_-80.036,-600980400,1950-12-16T05:00:00+00:00,MSL,-0.652800064086914,0.6973045349121094
1950.11.12_-23.133_150.733,-603972000,1950-11-11T14:00:00+00:00,MSL,-2.612990417480469,2.837691650390625
1950.03.01_-31.934_115.764,-626083200,1950-02-28T16:00:00+00:00,MSL,-0.43631591796875,0.46526737213134767
1950.02.18_-31.99_115.763,-627033600,1950-02-17T16:00:00+00:00,MSL,-0.435899543762207,0.46491676330566406
1950.01.12_-37.974_144.696,-630226800,1950-01-11T17:00:00+00:00,MSL,-0.6692616271972657,0.5961194229125977
1949.11.20_-34.012_151.207,-634806000,1949-11-19T17:00:00+00:00,MSL,-0.8590452575683594,1.0404325103759766
1949.11.12_-38.173_144.873,-635497200,1949-11-11T17:00:00+00:00,MSL,-0.6526578521728515,0.5670961380004883
1949.08.28_-16.818_145.733,-642063600,1949-08-27T17:00:00+00:00,MSL,-1.4937783813476562,1.5482969665527344
1949.08.28_-16.818_145.733,-642063600,1949-08-27T17:00:00+00:00,MSL,-1.4937783813476562,1.5482969665527344
1949.05.16_-17.964_122.23,-651052800,1949-05-15T16:00:00+00:00,MSL,-4.810763854980468,4.874821472167969
1949.04.17_-16.723_145.676,-653554800,1949-04-16T17:00:00+00:00,MSL,-1.49503173828125,1.5479745483398437
1949.01.23_-32.94_151.768,-660812400,1949-01-22T17:00:00+00:00,MSL,-0.8734986114501954,1.0784809112548828
1949.01.14_-33.888_151.281,-661590000,1949-01-13T17:00:00+00:00,MSL,-0.8615251159667969,1.0466612243652345
1949.01.13_-33.676_151.307,-661676400,1949-01-12T17:00:00+00:00,MSL,-0.8651046752929688,1.0526553344726564
1949.01.05_-32.028_115.75,-662371200,1949-01-04T16:00:00+00:00,MSL,-0.435899543762207,0.46491676330566406
1948.02.12_-32.805_151.961,-690706800,1948-02-11T17:00:00+00:00,MSL,-0.8735684204101563,1.0794224548339844
1948.01.25_-33.676_151.307,-692262000,1948-01-24T17:00:00+00:00,MSL,-0.8651046752929688,1.0526553344726564
1947.11.23_-34.982_138.516,-697707000,1947-11-22T16:30:00+00:00,MSL,-1.1855183410644532,1.3907000732421875
1947.11.14_-32.924_151.793,-698482800,1947-11-13T17:00:00+00:00,MSL,-0.8734986114501954,1.0784809112548828
1947.11.14_-32.924_151.793,-698482800,1947-11-13T17:00:00+00:00,MSL,-0.8734986114501954,1.0784809112548828
1947.07.24_-12.508_130.859,-708247800,1947-07-23T16:30:00+00:00,MSL,-4.1810540771484375,3.7985003662109373
1947.06.16_-33.919_151.256,-711529200,1947-06-15T17:00:00+00:00,MSL,-0.8606995391845703,1.0447637939453125
1947.04.06_-33.601_151.322,-717663600,1947-04-05T17:00:00+00:00,MSL,-0.8662629699707032,1.0545095825195312
1947.01.14_-33.846_151.249,-724748400,1947-01-13T17:00:00+00:00,MSL,-0.8615251159667969,1.0466612243652345
1946.12.28_-34.982_138.516,-726219000,1946-12-27T16:30:00+00:00,MSL,-1.1855183410644532,1.3907000732421875
1946.10.14_-33.059_151.644,-732697200,1946-10-13T17:00:00+00:00,MSL,-0.8721678924560546,1.0741928100585938
1946.08.18_-16.723_145.676,-737600400,1946-08-17T23:00:00+00:00,MSL,-1.49503173828125,1.5479745483398437
1946.04.19_-16.783_145.7,-748076400,1946-04-18T17:00:00+00:00,MSL,-1.49503173828125,1.5479745483398437
1946.03.20_-34.9_138.489,-750670200,1946-03-19T16:30:00+00:00,MSL,-1.258255157470703,1.4616720581054687
1946.02.10_-31.934_115.764,-753955200,1946-02-09T16:00:00+00:00,MSL,-0.43631591796875,0.46526737213134767
1946.01.17_-19.259_146.817,-756025200,1946-01-16T17:00:00+00:00,MSL,-1.782685546875,1.8890960693359375
1946.01.05_-33.99_151.084,-757062000,1946-01-04T17:00:00+00:00,MSL,-0.8580573272705078,1.0385281372070312
1945.06.15_-16.783_145.7,-774687600,1945-06-14T17:00:00+00:00,MSL,-1.49503173828125,1.5479745483398437
1944.01.16_-31.99_115.763,-819273600,1944-01-15T16:00:00+00:00,MSL,-0.435899543762207,0.46491676330566406
1942.12.26_-33.781_151.215,-852613200,1942-12-25T19:00:00+00:00,MSL,-0.8621099853515625,1.0487445831298827
1942.09.12_-16.783_145.7,-861703200,1942-09-11T14:00:00+00:00,MSL,-1.49503173828125,1.5479745483398437
1942.05.09_-16.919_145.778,-872568000,1942-05-08T20:00:00+00:00,MSL,-1.4884945678710937,1.5454592895507813
1942.03.04_-34.049_150.895,-878270400,1942-03-03T20:00:00+00:00,MSL,-0.8565150451660156,1.035349349975586
1942.01.18_-33.801_151.294,-882158400,1942-01-17T20:00:00+00:00,MSL,-0.8621099853515625,1.0487445831298827
1942.01.04_-33.786_151.226,-883378800,1942-01-03T17:00:00+00:00,MSL,-0.8621099853515625,1.0487445831298827
1941.08.05_-33.834_151.092,-896511600,1941-08-04T17:00:00+00:00,MSL,-0.8621099853515625,1.0487445831298827
1940.02.20_-33.846_151.249,-942444000,1940-02-20T02:00:00+00:00,MSL,-0.8615251159667969,1.0466612243652345
1940.02.04_-33.959_151.152,-943826400,1940-02-04T02:00:00+00:00,MSL,-0.8590452575683594,1.0404325103759766
1940.01.23_-33.959_151.152,-944874000,1940-01-22T23:00:00+00:00,MSL,-0.8590452575683594,1.0404325103759766
1940.01.01_-19.359_146.885,-946785600,1939-12-31T20:00:00+00:00,MSL,-1.784091796875,1.8910682678222657
1939.12.28_-33.922_150.901,-947120400,1939-12-27T23:00:00+00:00,MSL,-0.8571477508544922,1.036616973876953
1939.11.11_-33.95_151.244,-951181200,1939-11-10T23:00:00+00:00,MSL,-0.8606995391845703,1.0447637939453125
